episode,steps,episode_time_s,total_reward,success,terminal_reason,detection_uptime_pct,avg_confidence,final_distance,epsilon,q_table_size,avg_q_delta
1,320,40.62446999549866,-237.70000000000016,False,reached_bottom,0.0,0.0,1.5207473484310159,1.0,18374,0.1324534695902473
2,261,37.999690771102905,-135.02000000000004,False,reached_bottom,0.0,0.0,0.8581125143428218,0.9936666666666667,18425,0.04613546921133399
3,271,39.35350275039673,-187.13999999999993,False,reached_bottom,0.0,0.0,0.3849432306397318,0.9873333333333333,18539,0.24813545795196318
4,283,38.93828630447388,-155.5399999999999,False,reached_bottom,0.0,0.0,0.7524366466999111,0.981,18648,0.05663552276798298
5,302,38.43619966506958,-219.61999999999995,False,reached_bottom,0.0,0.0,2.26285877515257,0.9746666666666667,18671,0.05746973319567986
6,300,37.7641065120697,-267.03999999999985,False,reached_bottom,0.0,0.0,2.9273371167146034,0.9683333333333334,18713,0.07076025557310653
7,282,38.003578424453735,-193.93000000000004,False,reached_bottom,0.0,0.0,1.7604893844906744,0.962,18730,0.05779059824362783
8,259,37.78628921508789,-126.03,False,reached_bottom,0.0,0.0,0.6120235869517164,0.9556666666666667,18822,0.07114295449903724
9,273,39.41952443122864,12.559999999999945,True,success,0.0,0.0,0.07614807517815596,0.9493333333333334,18902,0.2588057903605362
10,261,38.004390239715576,252.10000000000025,False,reached_bottom,0.0,0.0,0.20932096203177245,0.9430000000000001,18971,0.42747951333643236
11,272,38.237407207489014,-223.26000000000005,False,reached_bottom,0.0,0.0,0.9258518033633051,0.9366666666666666,19063,0.34422613360698406
12,258,37.53510665893555,-16.540000000000024,False,reached_bottom,0.0,0.0,0.2615753143614877,0.9303333333333333,19118,0.3090354920294259
13,277,38.17940044403076,-166.4699999999999,False,reached_bottom,0.0,0.0,0.3263424602521192,0.924,19175,0.3348741694886695
14,298,37.65685153007507,-207.2599999999999,False,reached_bottom,0.0,0.0,2.019953040346036,0.9176666666666666,19228,0.06217463469729315
15,281,37.67564606666565,-150.71,False,reached_bottom,0.0,0.0,0.6922116648876969,0.9113333333333333,19295,0.07625407297446642
16,293,38.37327527999878,-182.96000000000004,False,reached_bottom,0.0,0.0,1.4665103354023317,0.905,19304,0.053302001904559464
17,286,39.002808809280396,-175.70000000000002,False,reached_bottom,0.0,0.0,1.310834941296789,0.8986666666666667,19342,0.0778192757307049
18,286,37.68618655204773,-171.67999999999984,False,reached_bottom,0.0,0.0,1.122032730429865,0.8923333333333333,19364,0.049102102118510904
19,301,38.18878507614136,-174.11000000000004,False,reached_bottom,0.0,0.0,0.9404435960733583,0.886,19380,0.04994285091872643
20,285,38.85699510574341,-213.75999999999996,False,reached_bottom,0.0,0.0,1.5693379211591982,0.8796666666666667,19389,0.07742475891245815
21,265,38.65028762817383,-164.98000000000002,False,reached_bottom,0.0,0.0,0.45822805941703804,0.8733333333333333,19474,0.290230664117122
22,254,36.98729085922241,-13.02999999999999,False,reached_bottom,0.0,0.0,0.3959853810947535,0.867,19554,0.41405944998981115
23,290,39.223637104034424,-229.97999999999982,False,reached_bottom,0.0,0.0,1.7253878426482925,0.8606666666666667,19627,0.07315429241548681
24,272,38.41265821456909,-232.49,False,reached_bottom,0.0,0.0,1.4325715340701348,0.8543333333333334,19716,0.38191281252466475
25,284,37.1560001373291,-210.20000000000007,False,reached_bottom,0.0,0.0,1.6943594275675011,0.848,19746,0.09056334654763147
26,284,37.46446514129639,-199.10999999999984,False,reached_bottom,0.0,0.0,1.680824563484415,0.8416666666666667,19777,0.05625681052422782
27,310,38.37576150894165,-271.4299999999999,False,reached_bottom,0.0,0.0,2.3567958127915327,0.8353333333333334,19787,0.12312894172711286
28,298,37.493038177490234,-218.4299999999999,False,reached_bottom,0.0,0.0,1.5235788446402418,0.829,19909,0.0622446929437846
29,261,38.030821561813354,126.77999999999987,False,reached_bottom,0.0,0.0,0.6184564799575892,0.8226666666666667,19941,0.4464311088452721
30,269,38.71309757232666,-172.85000000000005,False,reached_bottom,0.0,0.0,0.9420264969234824,0.8163333333333334,19975,0.0620424597942039
31,265,38.69030499458313,-82.39999999999999,False,reached_bottom,0.0,0.0,0.5723467501133674,0.81,20036,0.32890857863154
32,258,37.69022464752197,-163.11,False,reached_bottom,0.0,0.0,0.822183766117503,0.8036666666666666,20113,0.17637228061478125
33,293,36.95707821846008,-261.1599999999999,False,reached_bottom,0.0,0.0,2.183638067312663,0.7973333333333333,20140,0.07490355590177598
34,288,39.097187519073486,-180.39000000000004,False,reached_bottom,0.0,0.0,0.7374199726962276,0.791,20171,0.18299365524491795
35,304,38.640697717666626,-215.37999999999994,False,reached_bottom,0.0,0.0,1.0916567555575667,0.7846666666666666,20201,0.06989219556477558
36,307,38.87541151046753,-165.18,False,reached_bottom,0.0,0.0,0.7434678095789115,0.7783333333333333,20353,0.04734672640906466
37,271,39.18035697937012,-178.26000000000002,False,reached_bottom,0.0,0.0,1.0318855477577908,0.772,20400,0.09522887306686771
38,282,38.2642297744751,-152.15000000000003,False,reached_bottom,0.0,0.0,1.5010864497498888,0.7656666666666667,20479,0.054161282832588996
39,261,37.8568799495697,-202.26999999999998,False,reached_bottom,0.0,0.0,0.9447588382188589,0.7593333333333333,20526,0.18856020560108747
40,1,1.2218968868255615,-0.06,False,reached_bottom,0.0,0.0,0.8841199517187838,0.753,20527,0.006
41,266,38.75010132789612,-64.68,False,reached_bottom,0.0,0.0,0.5266412944709561,0.7466666666666667,20583,0.2894345458708921
42,267,38.642550468444824,-141.50000000000009,False,reached_bottom,0.0,0.0,0.7525593977620397,0.7403333333333333,20631,0.05155176356717852
43,287,38.77552556991577,-127.94999999999999,False,reached_bottom,0.0,0.0,1.2553816032081218,0.734,20691,0.35909514790471647
44,269,39.09754681587219,-46.95,False,reached_bottom,0.0,0.0,0.5162225841310845,0.7276666666666667,20742,0.3729196095933941
45,264,37.205639600753784,-65.69000000000003,False,reached_bottom,0.0,0.0,0.9030027420078496,0.7213333333333334,20790,0.31151880551300526
46,267,36.75259327888489,-187.52999999999994,False,reached_bottom,0.0,0.0,1.1515355509479255,0.7150000000000001,20852,0.3273613125234235
47,308,38.97303056716919,-127.54000000000005,False,reached_bottom,0.0,0.0,0.9537024047529532,0.7086666666666668,20872,0.032060084821908086
48,260,37.88969421386719,86.63999999999994,False,reached_bottom,0.0,0.0,0.1872837179676869,0.7023333333333333,20909,0.3410834275646979
49,299,39.07597899436951,-167.70000000000007,False,reached_bottom,0.0,0.0,1.3597381641987827,0.696,20931,0.04846035432976634
50,291,39.29034447669983,-209.36000000000004,False,reached_bottom,0.0,0.0,1.3498738300753792,0.6896666666666667,20960,0.0635539120094169
51,260,37.29698181152344,-185.33999999999995,False,reached_bottom,0.0,0.0,1.266555969043661,0.6833333333333333,21084,0.09339761151387621
52,281,38.74349594116211,-192.08000000000013,False,reached_bottom,0.0,0.0,1.5670585469657274,0.677,21096,0.08134870281805824
53,274,38.56288814544678,-203.99000000000007,False,reached_bottom,0.0,0.0,1.9353466909723585,0.6706666666666667,21172,0.10382703583366337
54,272,38.15167164802551,-185.55999999999997,False,reached_bottom,0.0,0.0,1.2819779876697217,0.6643333333333333,21264,0.06459636524343479
55,287,39.57263517379761,-217.73999999999987,False,reached_bottom,0.0,0.0,0.9170769917130004,0.658,21282,0.20723245173936147
56,288,38.70676231384277,-177.2500000000001,False,reached_bottom,0.0,0.0,0.7430671529749701,0.6516666666666667,21331,0.18981306269978632
57,281,39.975199937820435,-201.2900000000002,False,reached_bottom,0.0,0.0,1.4260791494832057,0.6453333333333333,21376,0.10990770162722209
58,285,38.94224452972412,-225.66,False,reached_bottom,0.0,0.0,1.9625998767820991,0.639,21415,0.06769736870876657
59,288,38.93439197540283,-204.66000000000005,False,reached_bottom,0.0,0.0,1.9759274356223087,0.6326666666666667,21480,0.0643675540622273
60,275,37.997541666030884,-17.989999999999984,False,reached_bottom,0.0,0.0,0.8963230084127599,0.6263333333333334,21529,0.17855402381896493
61,269,39.023874282836914,164.71999999999997,False,reached_bottom,0.0,0.0,0.7103466378708299,0.62,21568,0.4717634715221068
62,270,37.85596823692322,-121.65,False,reached_bottom,0.0,0.0,0.9732832162772699,0.6136666666666667,21584,0.2081048506286297
63,286,39.81409502029419,-170.91999999999993,False,reached_bottom,0.0,0.0,1.521364644094572,0.6073333333333333,21680,0.06853310157308748
64,265,38.688448667526245,-163.19000000000005,False,reached_bottom,0.0,0.0,0.4907564904778725,0.601,21760,0.26649124750839726
65,260,38.01870584487915,-151.48,False,reached_bottom,0.0,0.0,0.941444306943518,0.5946666666666667,21802,0.06047227442169823
66,269,39.25558400154114,-152.48000000000008,False,reached_bottom,0.0,0.0,0.7331755843049741,0.5883333333333334,21836,0.07803501302375924
67,293,38.92301893234253,-178.17000000000002,False,reached_bottom,0.0,0.0,1.1629858862598248,0.5820000000000001,21935,0.05659412905835352
68,290,37.49280524253845,-221.68999999999986,False,reached_bottom,0.0,0.0,2.730542571298053,0.5756666666666668,21991,0.06907803224087304
69,263,38.084965229034424,-164.4200000000002,False,reached_bottom,0.0,0.0,0.9222022698556258,0.5693333333333334,22042,0.24184961399811072
70,278,39.17472982406616,-194.54999999999998,False,reached_bottom,0.0,0.0,1.3396528875033007,0.563,22134,0.0769537566334822
71,286,39.8391649723053,-188.29000000000008,False,reached_bottom,0.0,0.0,0.8366803204977269,0.5566666666666666,22170,0.0710285086545129
72,272,39.35986804962158,71.96000000000001,False,reached_bottom,0.0,0.0,1.000133732873071,0.5503333333333333,22228,0.36830916559628407
73,251,35.42195725440979,-148.50000000000009,False,reached_bottom,0.0,0.0,0.3906698694181861,0.544,22268,0.1187407651547643
74,266,36.61638307571411,-193.3400000000001,False,reached_bottom,0.0,0.0,1.9944420167710928,0.5376666666666667,22368,0.11261665637290175
75,339,47.04990100860596,-274.45000000000005,False,reached_bottom,0.0,0.0,1.874936889864008,0.5313333333333333,22454,0.0726309663987795
76,246,36.06956696510315,-78.8,False,reached_bottom,0.0,0.0,0.4410472740507535,0.525,22519,0.16253139732100952
77,262,32.63879156112671,-141.18000000000012,False,reached_bottom,0.0,0.0,1.4778890730221865,0.5186666666666666,22583,0.07127730172024266
78,249,36.37832164764404,-154.58,False,reached_bottom,0.0,0.0,1.4163246161786325,0.5123333333333333,22598,0.053985248780338536
79,306,45.33397912979126,-56.13999999999999,False,reached_bottom,0.0,0.0,0.7939875006417411,0.506,22654,0.27683236598788136
80,235,30.30547833442688,-134.54999999999993,False,reached_bottom,0.0,0.0,1.1591316426630829,0.4996666666666667,22733,0.05452171762115363
81,1,1.1926119327545166,-0.44,False,reached_bottom,0.0,0.0,1.1992420846855127,0.4933333333333334,22733,0.04676970358184862
82,244,35.23335552215576,-157.9099999999999,False,reached_bottom,0.0,0.0,1.170989530142854,0.487,22778,0.07720092963390149
83,350,49.35229158401489,-110.64000000000006,False,reached_bottom,0.0,0.0,2.0358648957452092,0.4806666666666667,22880,0.1922204777866468
84,309,39.62409448623657,-219.64000000000004,False,reached_bottom,0.0,0.0,2.661494142211348,0.4743333333333334,22929,0.05626641747659565
85,365,49.991756439208984,-215.43,False,reached_bottom,0.0,0.0,0.9924405372232405,0.46799999999999997,23051,0.05264597803555662
86,270,37.71641421318054,-190.24999999999997,False,reached_bottom,0.0,0.0,2.0178478875473194,0.46166666666666667,23124,0.13349843293719035
87,272,38.73156690597534,140.92000000000004,False,reached_bottom,0.0,0.0,1.0648763175232685,0.45533333333333337,23185,0.4050885458948721
88,251,36.97787952423096,-104.93000000000005,False,reached_bottom,0.0,0.0,0.5141120060600045,0.44900000000000007,23226,0.26711798043575996
89,312,42.94393491744995,-66.62000000000008,False,reached_bottom,0.0,0.0,2.115791739590361,0.44266666666666665,23352,0.2688071629150079
90,248,34.52403521537781,-148.12000000000003,False,reached_bottom,0.0,0.0,1.2968737984475949,0.43633333333333335,23431,0.1433007138368321
91,255,34.67266273498535,-135.03,False,reached_bottom,0.0,0.0,0.9245471139978687,0.43000000000000005,23487,0.047515321752150466
92,296,37.54453921318054,-194.5099999999999,False,reached_bottom,0.0,0.0,2.670847932935689,0.42366666666666664,23541,0.053812965108428236
93,336,44.935635805130005,-290.62999999999994,False,reached_bottom,0.0,0.0,3.843611213004874,0.41733333333333344,23649,0.09425742989189466
94,316,46.74840760231018,-189.97000000000008,False,reached_bottom,0.0,0.0,0.6227811589893405,0.41100000000000003,23701,0.12264598108353914
95,231,34.38941526412964,-107.99000000000007,False,reached_bottom,0.0,0.0,0.5083114641744217,0.4046666666666666,23764,0.06931138846089295
96,269,35.075066566467285,-203.5400000000001,False,reached_bottom,0.0,0.0,2.149607148380062,0.39833333333333343,23842,0.08452641193605634
97,328,41.636287689208984,-193.40000000000015,False,reached_bottom,0.0,0.0,1.7920260597030908,0.392,23900,0.04838205218289724
98,309,44.87894868850708,-73.32999999999998,False,reached_bottom,0.0,0.0,0.49538523988772276,0.3856666666666667,23989,0.08691625086736461
99,398,51.40819811820984,-310.0400000000001,False,reached_bottom,0.0,0.0,2.3595675397785154,0.3793333333333334,24005,0.0604238192101605
100,130,17.345555543899536,-79.84000000000005,False,reached_bottom,0.0,0.0,1.9116887411015195,0.373,24035,0.060701495760007135
101,376,48.050315380096436,-196.62000000000012,False,reached_bottom,0.0,0.0,2.037658026253055,0.3666666666666667,24126,0.0518519335926366
102,128,65.66426467895508,23.740000000000002,False,reached_bottom,0.0,0.0,5.609077180029956,0.3603333333333334,24132,0.3824618581282505
103,116,16.009598970413208,-81.99,False,reached_bottom,0.0,0.0,1.4517854974271762,0.354,24180,0.10870046251160011
104,347,47.68184304237366,-234.72999999999996,False,reached_bottom,0.0,0.0,2.1162769029910398,0.3476666666666667,24245,0.06556170997052894
105,257,34.73781728744507,-173.87000000000006,False,reached_bottom,0.0,0.0,1.148685126576571,0.3413333333333334,24301,0.19611080581224302
106,231,33.1301691532135,-148.83999999999997,False,reached_bottom,0.0,0.0,1.3397373590286505,0.3350000000000001,24360,0.08222175293205487
107,270,38.78163552284241,-86.85000000000001,False,reached_bottom,0.0,0.0,1.5957981331733466,0.32866666666666666,24440,0.23666624168523667
108,277,40.6159553527832,10.46999999999992,False,reached_bottom,0.0,0.0,1.5501783553986646,0.32233333333333336,24502,0.22729104829639815
109,287,39.319538831710815,-181.3100000000001,False,reached_bottom,0.0,0.0,1.419291978271448,0.31600000000000006,24533,0.05370706136326286
110,295,39.07743811607361,-221.51999999999995,False,reached_bottom,0.0,0.0,2.3610974093347807,0.30966666666666665,24560,0.05235586685012546
111,426,60.16146683692932,-302.09999999999974,False,reached_bottom,0.0,0.0,1.4147312120756392,0.30333333333333345,24636,0.14962895175186058
112,384,53.73802328109741,-110.52000000000017,False,reached_bottom,0.0,0.0,1.2680438858855931,0.29700000000000004,24752,0.0804489650216753
113,391,55.59698724746704,-263.6099999999999,False,reached_bottom,0.0,0.0,1.1530013426717316,0.29066666666666663,24771,0.05339539974435182
114,416,56.85550808906555,-309.62999999999954,False,reached_bottom,0.0,0.0,1.9932759956292088,0.28433333333333344,24897,0.10155319568797008
115,386,50.452678203582764,-167.77000000000012,False,reached_bottom,0.0,0.0,0.9936333066478544,0.278,24930,0.040552207193294484
116,411,52.328420877456665,-206.7699999999998,False,reached_bottom,0.0,0.0,1.1900805772820462,0.2716666666666666,25023,0.042629684938989824
117,416,54.45978903770447,-248.00999999999974,False,reached_bottom,0.0,0.0,1.1721874696845516,0.2653333333333334,25156,0.056835359370753236
118,155,22.34398889541626,-107.12000000000005,False,reached_bottom,0.0,0.0,1.0719777102972916,0.259,25233,0.06888607473921908
119,241,34.31938815116882,-161.84000000000006,False,reached_bottom,0.0,0.0,1.1990086960037198,0.2526666666666667,25272,0.059379733687624385
120,433,59.34672927856445,-241.62000000000003,False,reached_bottom,0.0,0.0,1.2283305502219655,0.2463333333333334,25399,0.05065956887252457
121,439,59.84868240356445,-283.5999999999997,False,reached_bottom,0.0,0.0,2.317504160404132,0.24,25478,0.04967550858332588
122,300,38.7676568031311,-193.37999999999994,False,reached_bottom,0.0,0.0,0.814837997872545,0.2336666666666667,25587,0.05665307661117181
123,323,43.777692556381226,-194.40999999999988,False,reached_bottom,0.0,0.0,1.384780826676133,0.2273333333333334,25645,0.055887876995754725
124,300,44.218382596969604,139.73000000000016,False,reached_bottom,0.0,0.0,1.4038698867107884,0.22100000000000009,25732,0.18732748740552377
125,414,59.87852096557617,-247.67,False,reached_bottom,0.0,0.0,0.8616390073779268,0.21466666666666667,25773,0.046642841570663694
126,283,42.18905544281006,-134.1000000000001,False,reached_bottom,0.0,0.0,0.43615228850149534,0.20833333333333337,25814,0.08771183783692324
127,381,50.42157340049744,-238.42000000000004,False,reached_bottom,0.0,0.0,1.4778617292753504,0.20200000000000007,25887,0.06847540864801478
128,331,41.850558280944824,-305.9700000000001,False,reached_bottom,0.0,0.0,3.578112512949514,0.19566666666666666,25970,0.07208412620222264
129,462,66.47710227966309,132.76000000000025,False,reached_bottom,0.0,0.0,1.1745606537865658,0.18933333333333335,26054,0.19444875368349948
130,363,53.01570129394531,-185.29000000000005,False,reached_bottom,0.0,0.0,0.38267763939023225,0.18300000000000005,26121,0.0976292355859835
131,358,51.80414271354675,-222.79999999999976,False,reached_bottom,0.0,0.0,0.6454272515336911,0.17666666666666664,26233,0.1089133401998423
132,378,50.896748542785645,-200.06999999999985,False,reached_bottom,0.0,0.0,1.1247992244553071,0.17033333333333345,26330,0.06829642180668088
133,365,48.20354223251343,-217.34999999999994,False,reached_bottom,0.0,0.0,1.64172613164979,0.16400000000000003,26373,0.05087898844275654
134,390,56.41210055351257,-257.69,False,reached_bottom,0.0,0.0,1.2160646114305296,0.15766666666666662,26441,0.11775826471964554
135,306,43.72367000579834,-127.07000000000002,False,reached_bottom,0.0,0.0,0.3883723638136729,0.15133333333333343,26574,0.0390688945680953
136,259,35.7972457408905,-200.18,False,reached_bottom,0.0,0.0,2.5611802049989265,0.14500000000000002,26640,0.08579867937034592
137,249,36.24544882774353,-143.19000000000003,False,reached_bottom,0.0,0.0,0.9024520965594938,0.13866666666666672,26707,0.12870888588898052
138,264,36.43247127532959,-130.98000000000008,False,reached_bottom,0.0,0.0,0.9990763316009015,0.1323333333333334,26800,0.09108956314101012
139,259,37.498207569122314,-164.50000000000009,False,reached_bottom,0.0,0.0,1.1190903362716944,0.126,26908,0.07833560398554132
140,251,36.184298276901245,-124.87999999999998,False,reached_bottom,0.0,0.0,1.0870455949938511,0.1196666666666667,26960,0.04676312383002412
141,265,36.87754487991333,-205.95999999999992,False,reached_bottom,0.0,0.0,1.7200066309955384,0.1133333333333334,27027,0.15175020296625663
142,266,36.70551824569702,-190.36999999999995,False,reached_bottom,0.0,0.0,1.877776463077846,0.1070000000000001,27105,0.06214410903071959
143,256,37.32340121269226,-103.25000000000009,False,reached_bottom,0.0,0.0,0.24181110211113743,0.10066666666666668,27133,0.047177243061706856
144,269,37.505425214767456,-207.52000000000007,False,reached_bottom,0.0,0.0,1.424004285511166,0.09433333333333338,27170,0.08203828073152852
145,270,38.23579144477844,54.74999999999985,False,reached_bottom,0.0,0.0,1.0586963565595364,0.08800000000000008,27236,0.21035890410027716
146,1,1.169736385345459,-0.39,False,reached_bottom,0.0,0.0,0.9237060313697993,0.08166666666666667,27236,0.02880000000000002
147,285,39.85622763633728,-168.05999999999997,False,reached_bottom,0.0,0.0,0.982396656371471,0.07533333333333336,27273,0.10314809123602642
148,1,1.2091073989868164,-0.44,False,reached_bottom,0.0,0.0,1.0076753143845008,0.06900000000000006,27273,0.04665966956043599
149,281,39.102678298950195,-145.43,False,reached_bottom,0.0,0.0,1.829726709543019,0.06266666666666665,27335,0.10588956701916401
150,261,37.942954301834106,-65.69999999999999,False,reached_bottom,0.0,0.0,0.8204698817859525,0.05633333333333346,27379,0.13877465717892784
151,305,38.032397508621216,-183.0200000000003,False,reached_bottom,0.0,0.0,1.8914294092343604,0.05,27473,0.052280959523389646
152,274,37.71874260902405,-183.43000000000006,False,reached_bottom,0.0,0.0,2.1471670803808554,0.05,27600,0.0884633678464278
153,266,38.85399603843689,50.0099999999999,False,reached_bottom,0.0,0.0,0.6117096025259817,0.05,27658,0.18722590083227944
154,289,38.58092141151428,-226.73999999999992,False,reached_bottom,0.0,0.0,2.4363798551903093,0.05,27742,0.12899536166154016
155,269,38.4659218788147,-82.12000000000003,False,reached_bottom,0.0,0.0,1.339717835695305,0.05,27825,0.1365775434269208
156,286,37.43318247795105,-190.27999999999972,False,reached_bottom,0.0,0.0,1.6767934041412516,0.05,27925,0.06706780767666215
157,289,37.10796666145325,-154.67999999999975,False,reached_bottom,0.0,0.0,1.7237489954293181,0.05,28027,0.051617645683239156
158,267,37.27190375328064,-162.0500000000001,False,reached_bottom,0.0,0.0,1.3735890789371576,0.05,28105,0.05913957508208485
159,264,38.727043867111206,100.51000000000018,False,reached_bottom,0.0,0.0,0.6482518097288013,0.05,28145,0.21302927115785245
160,268,37.20610308647156,-168.00000000000006,False,reached_bottom,0.0,0.0,1.2546573083045671,0.05,28257,0.08802759024484975
161,269,38.382967948913574,63.7199999999999,False,reached_bottom,0.0,0.0,1.604376141641977,0.05,28292,0.20667669473367994
162,285,38.31579613685608,-158.05000000000018,False,reached_bottom,0.0,0.0,0.561278834469158,0.05,28419,0.07286917230567055
163,279,38.04867124557495,-166.37000000000018,False,reached_bottom,0.0,0.0,1.2733330275281685,0.05,28525,0.08121206817661666
164,274,37.83362793922424,-150.33999999999997,False,reached_bottom,0.0,0.0,0.7947386181511745,0.05,28594,0.10358592422895613
165,287,37.718058586120605,-204.0200000000001,False,reached_bottom,0.0,0.0,1.6306495150232436,0.05,28665,0.09649442435648108
166,282,38.85489296913147,-153.22000000000006,False,reached_bottom,0.0,0.0,1.5904198387873714,0.05,28740,0.06318978696775643
167,273,38.315868854522705,84.49000000000005,False,reached_bottom,0.0,0.0,0.31902046794315636,0.05,28809,0.11654534453963804
168,274,38.81645178794861,-155.94000000000003,False,reached_bottom,0.0,0.0,0.9639668791416317,0.05,28866,0.07418122148698165
169,263,37.91818714141846,-149.06000000000014,False,reached_bottom,0.0,0.0,0.9736346151286711,0.05,28917,0.07369903807520589
170,269,37.55264377593994,-139.14999999999992,False,reached_bottom,0.0,0.0,0.8370585029148311,0.05,28977,0.05907046921238677
171,271,38.52972102165222,-1.8500000000000767,False,reached_bottom,0.0,0.0,1.038479688544027,0.05,29025,0.13989460339329413
172,278,37.70796775817871,-142.7000000000002,False,reached_bottom,0.0,0.0,1.5035268362190735,0.05,29094,0.05125402174206354
173,288,38.74387979507446,-211.3000000000001,False,reached_bottom,0.0,0.0,1.7149380605671716,0.05,29138,0.12846257042451967
174,269,39.329813957214355,18.02999999999996,False,reached_bottom,0.0,0.0,0.7614255326165933,0.05,29172,0.1759489462259777
175,261,37.452821254730225,-81.60000000000008,False,reached_bottom,0.0,0.0,1.3645525022991873,0.05,29264,0.16239538560369257
176,275,38.60287928581238,-183.89999999999998,False,reached_bottom,0.0,0.0,2.334368649567967,0.05,29323,0.054175040855902704
177,262,37.160151720047,-129.50000000000006,False,reached_bottom,0.0,0.0,0.9505871210005045,0.05,29376,0.06497971014993249
178,264,38.09904623031616,-127.19000000000014,False,reached_bottom,0.0,0.0,0.702599098307139,0.05,29443,0.1450796746472275
179,261,38.11293268203735,-121.92000000000002,False,reached_bottom,0.0,0.0,0.3013654923900918,0.05,29475,0.0754075136457732
180,271,37.99146032333374,-133.15000000000012,False,reached_bottom,0.0,0.0,0.9420889323878958,0.05,29539,0.07833746292348535
181,265,37.61430096626282,44.47999999999987,False,reached_bottom,0.0,0.0,1.0146611833069883,0.05,29591,0.18666382066629114
182,275,38.347164154052734,-159.65000000000012,False,reached_bottom,0.0,0.0,1.6679292687905931,0.05,29676,0.0714557527952264
183,260,36.26082992553711,-136.00000000000014,False,reached_bottom,0.0,0.0,0.7374122083377962,0.05,29763,0.052819684729309854
184,265,38.467934131622314,-159.8400000000001,False,reached_bottom,0.0,0.0,1.0079753100297477,0.05,29788,0.06331569840176261
185,274,37.866780281066895,-150.67000000000016,False,reached_bottom,0.0,0.0,0.9102231290134126,0.05,29844,0.12580030282025734
186,270,38.65878772735596,38.02000000000005,False,reached_bottom,0.0,0.0,1.599449255328071,0.05,29874,0.24773063083950006
187,269,38.08182454109192,-143.19999999999996,False,reached_bottom,0.0,0.0,0.6270451277454815,0.05,29947,0.053131478909943776
188,266,36.61768889427185,-150.13000000000022,False,reached_bottom,0.0,0.0,1.1240650422681508,0.05,30018,0.11630175188987027
189,276,39.329594135284424,-68.37000000000003,False,reached_bottom,0.0,0.0,0.9654351582390073,0.05,30053,0.14896983794138668
190,257,37.42522740364075,-86.50000000000009,False,reached_bottom,0.0,0.0,0.4480791320221882,0.05,30116,0.11115972829943035
191,280,38.77646327018738,58.249999999999915,False,reached_bottom,0.0,0.0,1.118941078848716,0.05,30196,0.16739356074449716
192,255,37.370474100112915,-93.82000000000009,False,reached_bottom,0.0,0.0,0.2764277779997501,0.05,30210,0.10530688144407586
193,257,37.23680138587952,-121.54000000000003,False,reached_bottom,0.0,0.0,1.1887819683472158,0.05,30268,0.09287052675724176
194,1,1.1613171100616455,-0.44,False,reached_bottom,0.0,0.0,1.2393219799233242,0.05,30268,0.04661300989087547
195,265,37.593693256378174,-172.80000000000013,False,reached_bottom,0.0,0.0,1.3931591786412159,0.05,30302,0.0598786755280461
196,279,38.42352294921875,-129.2100000000003,False,reached_bottom,0.0,0.0,0.5987760461154175,0.05,30404,0.04440661592785302
197,283,37.18617606163025,-168.95999999999984,False,reached_bottom,0.0,0.0,1.5590371247606571,0.05,30471,0.06384006369144095
198,274,37.229456186294556,-118.53000000000006,False,reached_bottom,0.0,0.0,0.7572273446341529,0.05,30553,0.04091527750435166
199,266,37.819220781326294,-142.73000000000002,False,reached_bottom,0.0,0.0,0.7001709663931489,0.05,30604,0.07245277597488055
200,278,37.02891182899475,-188.51000000000008,False,reached_bottom,0.0,0.0,1.5691565106598204,0.05,30644,0.05717671689596466
201,265,38.69383502006531,-122.01000000000009,False,reached_bottom,0.0,0.0,0.8911826413393811,0.05,30682,0.1079456428152157
202,281,37.14816164970398,-134.15000000000023,False,reached_bottom,0.0,0.0,0.9388996883700433,0.05,30729,0.04357181686656427
203,265,38.81875562667847,-137.82000000000014,False,reached_bottom,0.0,0.0,0.5257532331846557,0.05,30774,0.07206932650330501
204,273,39.36130166053772,-110.16000000000003,False,reached_bottom,0.0,0.0,0.2959869245571601,0.05,30835,0.06231277039392319
205,256,37.30446219444275,-93.78000000000006,False,reached_bottom,0.0,0.0,0.2668583277629988,0.05,30863,0.08114414697543633
206,270,37.82135248184204,-134.09999999999997,False,reached_bottom,0.0,0.0,0.5682162469306102,0.05,30882,0.1173330085239662
207,261,38.10621881484985,-129.76000000000002,False,reached_bottom,0.0,0.0,1.0510019850783345,0.05,30919,0.17989780683722226
208,273,37.94401788711548,-172.51999999999995,False,reached_bottom,0.0,0.0,1.6700853637245527,0.05,30973,0.06480649286276977
209,266,38.299641132354736,-152.56,False,reached_bottom,0.0,0.0,1.0980468408082198,0.05,31008,0.09500614082857553
210,267,38.06794762611389,-158.3899999999999,False,reached_bottom,0.0,0.0,1.4223948061372615,0.05,31071,0.07453242969128032
211,263,38.3677191734314,-114.45000000000012,False,reached_bottom,0.0,0.0,0.3388800787561459,0.05,31119,0.06470891157192818
212,266,38.00545620918274,18.91999999999997,False,reached_bottom,0.0,0.0,1.514704029557029,0.05,31150,0.18228827387162674
213,286,36.612603425979614,-155.06999999999994,False,reached_bottom,0.0,0.0,1.3683938444406247,0.05,31216,0.05188819053260996
214,275,37.968281269073486,-117.91000000000014,False,reached_bottom,0.0,0.0,0.7983298212522457,0.05,31271,0.11766763214390778
215,266,38.22850489616394,-189.11999999999992,False,reached_bottom,0.0,0.0,1.2386948588039963,0.05,31285,0.11508220016134833
216,268,37.33966588973999,-207.52999999999992,False,reached_bottom,0.0,0.0,1.5260971104002354,0.05,31324,0.07818379541875525
217,260,37.33439087867737,-89.12000000000009,False,reached_bottom,0.0,0.0,1.1051593596399945,0.05,31371,0.09493248920826218
218,291,37.00875186920166,-192.2300000000002,False,reached_bottom,0.0,0.0,1.7897936901728602,0.05,31474,0.06478403716986415
219,272,36.262999296188354,-177.60999999999993,False,reached_bottom,0.0,0.0,1.2173900441396743,0.05,31479,0.10292292062416172
220,268,36.449318408966064,-173.36,False,reached_bottom,0.0,0.0,1.4696064441810166,0.05,31530,0.07793067978334511
221,262,38.17204785346985,34.62999999999996,False,reached_bottom,0.0,0.0,0.809461329341597,0.05,31570,0.1912210456374301
222,253,37.015087604522705,-157.80000000000015,False,reached_bottom,0.0,0.0,0.7937898247982453,0.05,31632,0.12572625887740593
223,267,38.22585153579712,-135.04,False,reached_bottom,0.0,0.0,1.1589765928808504,0.05,31674,0.05673751464190717
224,264,38.028175830841064,-94.42000000000003,False,reached_bottom,0.0,0.0,1.2610926902886694,0.05,31749,0.12845785229380072
225,1,1.1862547397613525,-0.44,False,reached_bottom,0.0,0.0,1.4324257091423307,0.05,31749,0.046566396880984406
226,262,38.34365677833557,-159.0500000000001,False,reached_bottom,0.0,0.0,0.9799947445703677,0.05,31776,0.11234344362311612
227,291,37.46024942398071,-208.67000000000039,False,reached_bottom,0.0,0.0,2.0351209461619364,0.05,31844,0.05090259468905227
228,272,37.65993142127991,-160.92000000000004,False,reached_bottom,0.0,0.0,1.432830066773944,0.05,31867,0.100942485492798
229,263,38.516347885131836,-12.099999999999959,False,reached_bottom,0.0,0.0,0.7740127789468741,0.05,31897,0.15708895635583575
230,270,39.24340200424194,-139.02000000000007,False,reached_bottom,0.0,0.0,0.6531011149685756,0.05,31932,0.15187244879816164
231,295,39.50337839126587,-201.66999999999996,False,reached_bottom,0.0,0.0,1.4466234124580073,0.05,31988,0.10900757861555056
232,262,37.94542598724365,-169.90999999999985,False,reached_bottom,0.0,0.0,1.149304400176878,0.05,32029,0.1043127355926263
233,270,37.84076166152954,-163.8000000000001,False,reached_bottom,0.0,0.0,1.4287872450598877,0.05,32072,0.05851173075769126
234,278,38.795836448669434,-140.31999999999988,False,reached_bottom,0.0,0.0,0.8961743907876762,0.05,32124,0.053789947040386116
235,282,36.913212060928345,-171.55999999999997,False,reached_bottom,0.0,0.0,1.365018693297231,0.05,32201,0.053074642730068074
236,266,37.78284525871277,-135.04000000000005,False,reached_bottom,0.0,0.0,1.6317326830899068,0.05,32259,0.04467463660139668
237,264,37.99455809593201,-129.54,False,reached_bottom,0.0,0.0,1.0411738711812208,0.05,32325,0.05579567912666747
238,253,36.98863649368286,89.71999999999989,False,reached_bottom,0.0,0.0,0.48067842681896805,0.05,32363,0.17268331079414562
239,272,38.96007013320923,44.07999999999989,False,reached_bottom,0.0,0.0,0.7202287619826627,0.05,32409,0.16975699218157211
240,260,37.41503953933716,-133.51999999999998,False,reached_bottom,0.0,0.0,0.9179911083622091,0.05,32448,0.10266378063163302
241,253,36.95403575897217,-13.910000000000018,False,reached_bottom,0.0,0.0,0.4469476215879375,0.05,32457,0.15680756134418156
242,261,38.150856018066406,-136.75000000000009,False,reached_bottom,0.0,0.0,0.5676843053069762,0.05,32491,0.07839225227982179
243,285,37.95845365524292,-179.88999999999987,False,reached_bottom,0.0,0.0,2.13853171126713,0.05,32584,0.05672436343899213
244,268,37.3214693069458,-48.6000000000001,False,reached_bottom,0.0,0.0,1.0449489360897446,0.05,32650,0.1480843603704194
245,1,1.1856398582458496,-0.44,False,reached_bottom,0.0,0.0,1.1491900514368545,0.05,32650,0.046519830484103686
246,273,38.150195837020874,-144.67999999999998,False,reached_bottom,0.0,0.0,1.2190211561720234,0.05,32731,0.05755569130933813
247,283,37.72047734260559,-159.2300000000001,False,reached_bottom,0.0,0.0,1.255507527068647,0.05,32796,0.10179691769990862
248,261,38.042351484298706,-134.28,False,reached_bottom,0.0,0.0,0.6612997115380636,0.05,32854,0.06912839521615237
249,1,1.2192635536193848,-0.17,False,reached_bottom,0.0,0.0,0.7256198809055472,0.05,32854,0.0063
250,268,38.45884037017822,229.03000000000026,False,reached_bottom,0.0,0.0,1.3867987328904074,0.05,32908,0.19817644599892784
251,269,37.66246032714844,-77.34000000000002,False,reached_bottom,0.0,0.0,1.7581083004458777,0.05,32955,0.0991712915494383
252,267,38.957290172576904,57.539999999999964,False,reached_bottom,0.0,0.0,0.6027767211207602,0.05,32997,0.2142126853038091
253,261,37.67318344116211,23.05999999999997,False,reached_bottom,0.0,0.0,1.451686929782562,0.05,33047,0.12246659535080098
254,1,1.1960678100585938,-0.44,False,reached_bottom,0.0,0.0,1.7842429200212608,0.05,33047,0.04647331065361948
255,273,37.73076605796814,-117.17000000000006,False,reached_bottom,0.0,0.0,0.6222937098584167,0.05,33063,0.03928469403332414
256,273,38.29196000099182,-170.04999999999993,False,reached_bottom,0.0,0.0,1.37507107001812,0.05,33107,0.08235071895557824
257,268,38.43819451332092,-87.69000000000007,False,reached_bottom,0.0,0.0,0.748690065483777,0.05,33149,0.10445688465974078
258,270,38.62850999832153,-168.58999999999997,False,reached_bottom,0.0,0.0,1.0954537777621787,0.05,33169,0.10673846722593967
259,264,37.97492456436157,-133.24000000000012,False,reached_bottom,0.0,0.0,0.928703358249549,0.05,33213,0.1114513962821501
260,256,37.32057499885559,-58.720000000000006,False,reached_bottom,0.0,0.0,0.6845922809401651,0.05,33230,0.14718292258577878
261,264,38.1857693195343,234.5100000000003,False,reached_bottom,0.0,0.0,0.8513707980230055,0.05,33275,0.24484128671633978
262,272,36.946069955825806,-147.5099999999999,False,reached_bottom,0.0,0.0,0.7448945524021375,0.05,33320,0.07771272613044522
263,274,38.632277727127075,-154.66000000000005,False,reached_bottom,0.0,0.0,1.6351920522707337,0.05,33343,0.06616992929073298
264,268,38.17454147338867,-167.0900000000001,False,reached_bottom,0.0,0.0,1.1664253764776,0.05,33430,0.06577347425946826
265,265,37.96086096763611,-134.11000000000004,False,reached_bottom,0.0,0.0,1.3678831318336662,0.05,33480,0.04724182966788983
266,276,37.58280038833618,-141.81999999999996,False,reached_bottom,0.0,0.0,1.717279173805712,0.05,33514,0.0530131046084078
267,269,39.380144119262695,-86.49000000000004,False,reached_bottom,0.0,0.0,0.745846735545537,0.05,33539,0.20182239348705291
268,267,38.29314160346985,-101.30999999999997,False,reached_bottom,0.0,0.0,1.148833015603134,0.05,33548,0.1824538286642826
269,267,38.712610960006714,-152.86000000000024,False,reached_bottom,0.0,0.0,0.6544028515693608,0.05,33595,0.05075365518071585
270,291,38.08130645751953,-152.3999999999999,False,reached_bottom,0.0,0.0,1.1693248432015104,0.05,33681,0.04617950881055655
271,267,39.1018545627594,-116.78000000000004,False,reached_bottom,0.0,0.0,0.6850224120186019,0.05,33721,0.10755739798661988
272,267,37.3676323890686,-6.179999999999971,False,reached_bottom,0.0,0.0,0.9327215639788725,0.05,33781,0.11792679855872136
273,263,38.056304931640625,-43.690000000000005,False,reached_bottom,0.0,0.0,1.5169023015143912,0.05,33859,0.19709239336374598
274,262,38.23137617111206,-63.44000000000007,False,reached_bottom,0.0,0.0,0.169141042479699,0.05,33897,0.09337907307232553
275,272,38.44946622848511,-157.00000000000017,False,reached_bottom,0.0,0.0,1.1060069279352989,0.05,33952,0.06705857996243803
276,256,36.91694188117981,-146.94000000000005,False,reached_bottom,0.0,0.0,0.7496917784653131,0.05,33999,0.17030874287986342
277,257,37.307592153549194,-144.12000000000003,False,reached_bottom,0.0,0.0,0.605983017638758,0.05,34030,0.06774144035525427
278,261,38.0113787651062,-78.60000000000002,False,reached_bottom,0.0,0.0,0.8088918833918982,0.05,34090,0.03413215380462303
279,293,37.30015540122986,-169.1999999999999,False,reached_bottom,0.0,0.0,1.668765521367215,0.05,34200,0.05486446634285553
280,267,37.357990980148315,101.42000000000004,False,reached_bottom,0.0,0.0,1.0707721686490368,0.05,34215,0.21767955265072136
281,266,37.56546068191528,-155.57000000000008,False,reached_bottom,0.0,0.0,1.4680164277889134,0.05,34268,0.14400861786110733
282,252,36.911450147628784,72.43999999999998,False,reached_bottom,0.0,0.0,0.7285227178038707,0.05,34292,0.1912232104763879
283,265,36.8411386013031,-93.41999999999996,False,reached_bottom,0.0,0.0,1.1751107504232856,0.05,34341,0.12930542417957808
284,275,37.94627666473389,-167.07999999999979,False,reached_bottom,0.0,0.0,1.0375435122905883,0.05,34417,0.06912385877157148
285,255,37.25832724571228,-112.91000000000001,False,reached_bottom,0.0,0.0,0.8530924338431733,0.05,34424,0.08192560541003936
286,258,37.72212481498718,28.429999999999946,False,reached_bottom,0.0,0.0,0.4741932995851881,0.05,34446,0.13500000292067527
287,276,37.31126809120178,-163.4399999999999,False,reached_bottom,0.0,0.0,1.653940460436676,0.05,34540,0.05501168391815064
288,252,36.89357304573059,-136.35000000000002,False,reached_bottom,0.0,0.0,0.942907632228417,0.05,34615,0.08287758279208415
289,268,38.7868766784668,40.659999999999975,False,reached_bottom,0.0,0.0,0.5109041586351599,0.05,34648,0.15136987239037109
290,278,38.18097376823425,-146.89000000000004,False,reached_bottom,0.0,0.0,0.7002039322191338,0.05,34710,0.04890425634334007
291,255,37.1184458732605,-39.98000000000002,False,reached_bottom,0.0,0.0,0.9970051017487445,0.05,34751,0.16489585280201013
292,278,37.705299377441406,-164.5200000000001,False,reached_bottom,0.0,0.0,1.6739674406631142,0.05,34775,0.05099114489262664
293,274,38.16926074028015,-171.7799999999999,False,reached_bottom,0.0,0.0,0.49251039163006927,0.05,34807,0.09081965310752123
294,274,38.393123388290405,-146.28000000000011,False,reached_bottom,0.0,0.0,0.7646946441688729,0.05,34869,0.08443898795462139
295,263,38.24027180671692,-50.96000000000002,False,reached_bottom,0.0,0.0,0.31896849946931755,0.05,34887,0.1203000807430268
296,258,37.02884817123413,-98.52000000000015,False,reached_bottom,0.0,0.0,0.4393907481507776,0.05,34956,0.09663256771521432
297,272,38.2658793926239,-183.24,False,reached_bottom,0.0,0.0,1.1978781888563066,0.05,34974,0.0605901705202997
298,265,38.3729829788208,-154.75000000000006,False,reached_bottom,0.0,0.0,0.9201727274624524,0.05,34989,0.05279375987762966
299,285,38.094802141189575,-174.8299999999998,False,reached_bottom,0.0,0.0,1.2574645497884285,0.05,35045,0.06425742306746018
300,267,36.639793157577515,-137.2,False,reached_bottom,0.0,0.0,1.171256517551521,0.05,35094,0.08751865813953155
301,259,37.760146617889404,104.51999999999997,False,reached_bottom,0.0,0.0,0.3525637081876916,0.05,35124,0.17956520279418317
302,258,36.51435375213623,-165.75999999999996,False,reached_bottom,0.0,0.0,1.6047628095435307,0.05,35164,0.08120147422632483
303,261,38.02376437187195,94.70999999999998,False,reached_bottom,0.0,0.0,0.4843308772129135,0.05,35178,0.19507656617828145
304,267,37.96232748031616,-135.67000000000004,False,reached_bottom,0.0,0.0,0.6376973425610204,0.05,35204,0.14876148284655463
305,262,38.26347041130066,-23.939999999999998,False,reached_bottom,0.0,0.0,0.516468991352388,0.05,35243,0.15808337521355562
306,278,38.092448711395264,-182.99000000000004,False,reached_bottom,0.0,0.0,1.3098358766719396,0.05,35327,0.05764706647773951
307,274,40.12938618659973,-116.72000000000008,False,reached_bottom,0.0,0.0,0.755901742100798,0.05,35356,0.11460451184866041
308,258,37.4447295665741,91.32999999999997,False,reached_bottom,0.0,0.0,0.8667657458050978,0.05,35383,0.2156892840410296
309,264,37.96769833564758,32.71999999999989,False,reached_bottom,0.0,0.0,0.8221292263698612,0.05,35419,0.21611377940884888
310,271,38.619011878967285,-63.59000000000002,False,reached_bottom,0.0,0.0,0.630284381215116,0.05,35434,0.122709411893432
311,258,37.64675307273865,-147.6800000000001,False,reached_bottom,0.0,0.0,0.8627619988675167,0.05,35502,0.05738277167549746
312,260,37.71467661857605,-62.41000000000003,False,reached_bottom,0.0,0.0,0.7213727781791565,0.05,35523,0.15260975326575485
313,270,38.47103500366211,44.15999999999995,False,reached_bottom,0.0,0.0,1.374567429034208,0.05,35561,0.18017569041076084
314,269,38.58411264419556,-158.77000000000012,False,reached_bottom,0.0,0.0,1.1071872690108508,0.05,35590,0.08675201914744743
315,264,37.474597215652466,-158.83,False,reached_bottom,0.0,0.0,1.1090734275291985,0.05,35619,0.10317495268307672
316,261,37.05480122566223,-92.58,False,reached_bottom,0.0,0.0,1.27121673047815,0.05,35644,0.12987590912509328
317,291,37.31336522102356,-127.37000000000018,False,reached_bottom,0.0,0.0,1.0847574841360446,0.05,35670,0.03954995640479858
318,256,37.43342900276184,-78.88000000000001,False,reached_bottom,0.0,0.0,0.5484782902660444,0.05,35695,0.14831810165333334
319,298,37.96311044692993,-198.02999999999983,False,reached_bottom,0.0,0.0,1.3858179604654397,0.05,35738,0.05467546358706969
320,280,38.93001675605774,-228.93000000000006,False,reached_bottom,0.0,0.0,1.7333663167736677,0.05,35775,0.08078647766011988
321,258,37.70277404785156,1.4800000000000082,False,reached_bottom,0.0,0.0,0.37957050058295755,0.05,35797,0.09867208227338044
322,1,1.2132794857025146,-0.35000000000000003,False,reached_bottom,0.0,0.0,0.42451071113527905,0.05,35797,0.17448666766417076
323,269,38.6200852394104,-79.90999999999997,False,reached_bottom,0.0,0.0,1.266480997605091,0.05,35846,0.16806010176728453
324,251,36.28068423271179,-39.76,False,reached_bottom,0.0,0.0,0.4647934224637089,0.05,35870,0.12745092297051167
325,275,37.12366986274719,-160.55000000000007,False,reached_bottom,0.0,0.0,1.1625875765519815,0.05,35910,0.07035150213882105
326,303,39.0395724773407,-222.31000000000006,False,reached_bottom,0.0,0.0,2.7921366812114305,0.05,35981,0.062257688821636396
327,249,36.485740661621094,125.47,False,reached_bottom,0.0,0.0,0.6221542289384543,0.05,36010,0.21489437089959326
328,275,38.75940680503845,-100.69000000000021,False,reached_bottom,0.0,0.0,0.5615970180993693,0.05,36060,0.127363455406942
329,262,37.05057978630066,54.38999999999994,False,reached_bottom,0.0,0.0,0.9615366621218879,0.05,36081,0.17997161031271816
330,295,37.90721535682678,-254.4199999999999,False,reached_bottom,0.0,0.0,2.914258621864459,0.05,36130,0.08295118064389824
331,253,36.9620246887207,-12.469999999999997,False,reached_bottom,0.0,0.0,0.49413885036505734,0.05,36133,0.18619839860566806
332,264,37.90951228141785,-4.940000000000021,False,reached_bottom,0.0,0.0,0.5686528855782921,0.05,36150,0.16569367411423996
333,268,38.81849503517151,-122.40000000000003,False,reached_bottom,0.0,0.0,0.8169273549267455,0.05,36199,0.15404650467221825
334,286,37.30168294906616,-146.4700000000001,False,reached_bottom,0.0,0.0,0.9303167685046285,0.05,36228,0.04649278340206885
335,297,37.214516162872314,-171.27999999999977,False,reached_bottom,0.0,0.0,2.0746441269159384,0.05,36302,0.0481538069540472
336,263,37.67946720123291,-189.2699999999999,False,reached_bottom,0.0,0.0,1.1737441087904688,0.05,36348,0.09778488019789745
337,258,37.458818674087524,223.09000000000034,False,reached_bottom,0.0,0.0,1.0598923154744857,0.05,36388,0.22971737216481122
338,261,38.18507242202759,55.17999999999998,False,reached_bottom,0.0,0.0,0.22174198178397309,0.05,36397,0.137926762456583
339,262,37.93077492713928,-65.27000000000004,False,reached_bottom,0.0,0.0,0.5726973736417736,0.05,36425,0.10852917944814537
340,300,37.73002028465271,-208.8599999999998,False,reached_bottom,0.0,0.0,2.1613429849061596,0.05,36496,0.06476976963947646
341,259,37.283140897750854,-164.20000000000007,False,reached_bottom,0.0,0.0,1.0206893287813013,0.05,36539,0.07396142622292576
342,270,37.48067760467529,-197.10999999999981,False,reached_bottom,0.0,0.0,1.7663479890905387,0.05,36584,0.1368332511875893
343,267,38.913614988327026,51.25999999999998,False,reached_bottom,0.0,0.0,0.9719391676692772,0.05,36599,0.1793155108387794
344,306,38.398144006729126,-193.8100000000002,False,reached_bottom,0.0,0.0,1.7598362352577666,0.05,36676,0.06349747631825395
345,279,38.09162783622742,-152.64000000000001,False,reached_bottom,0.0,0.0,2.2776105704109177,0.05,36699,0.11042863678391869
346,256,36.5269992351532,-152.29000000000008,False,reached_bottom,0.0,0.0,1.1820305013093766,0.05,36744,0.1253277665509101
347,260,37.99087381362915,8.169999999999993,False,reached_bottom,0.0,0.0,0.8199761830611761,0.05,36769,0.13021461270620635
348,252,36.86760854721069,-115.63000000000008,False,reached_bottom,0.0,0.0,0.7317495453111665,0.05,36815,0.07012236578470692
349,273,37.85787224769592,-138.57999999999987,False,reached_bottom,0.0,0.0,1.1597389732899965,0.05,36853,0.1112922607331984
350,306,39.092785120010376,-206.16000000000022,False,reached_bottom,0.0,0.0,2.5632366576885905,0.05,36899,0.05340012164938043
351,279,38.1287043094635,-186.27999999999994,False,reached_bottom,0.0,0.0,1.871053959385525,0.05,36928,0.09955168751448389
352,265,37.7991259098053,-129.42000000000013,False,reached_bottom,0.0,0.0,1.4230865275575288,0.05,36991,0.12373026114059452
353,272,39.38392519950867,-142.5700000000001,False,reached_bottom,0.0,0.0,0.9656993341593934,0.05,37027,0.06152719313561238
354,304,37.64165186882019,-162.60999999999964,False,reached_bottom,0.0,0.0,1.2810005462483283,0.05,37126,0.049766180697888185
355,274,38.01239609718323,-151.4599999999999,False,reached_bottom,0.0,0.0,0.6454587880168293,0.05,37166,0.0993927763326873
356,275,38.042542695999146,-73.21000000000005,False,reached_bottom,0.0,0.0,0.5237927846260308,0.05,37214,0.11420130381496132
357,277,39.04519724845886,-78.43999999999994,True,success,0.0,0.0,0.12611031025344485,0.05,37234,0.16200730074885916
358,272,37.30236268043518,-124.16000000000012,False,reached_bottom,0.0,0.0,0.8211938403053853,0.05,37261,0.08674511856245674
359,290,37.07759666442871,-144.16000000000005,False,reached_bottom,0.0,0.0,0.7071487138343466,0.05,37355,0.05800942933531916
360,269,38.37793445587158,-146.45000000000007,False,reached_bottom,0.0,0.0,1.6887048803283498,0.05,37397,0.07620698724162592
361,282,39.106536865234375,-96.64000000000006,False,reached_bottom,0.0,0.0,1.2522974366885729,0.05,37423,0.1446160870081781
362,291,37.66940665245056,-168.23999999999998,False,reached_bottom,0.0,0.0,1.1280085700569285,0.05,37478,0.044671476409956466
363,260,37.4560911655426,-74.46000000000002,False,reached_bottom,0.0,0.0,0.9255379852173712,0.05,37532,0.08302196263349408
364,289,38.22205376625061,-174.17999999999992,False,reached_bottom,0.0,0.0,2.194939988804131,0.05,37608,0.07120276971504447
365,275,37.799330949783325,-161.45000000000005,False,reached_bottom,0.0,0.0,1.4373643385845534,0.05,37642,0.09557932468382252
366,270,37.21526908874512,-95.07000000000009,False,reached_bottom,0.0,0.0,1.3654553744781746,0.05,37670,0.1542997543361856
367,275,38.352983236312866,-144.50000000000023,False,reached_bottom,0.0,0.0,1.111150659352145,0.05,37717,0.06015366447117422
368,262,38.211822748184204,-57.10999999999999,False,reached_bottom,0.0,0.0,1.1080309736906973,0.05,37735,0.13802084634323245
369,261,36.26527714729309,-125.32000000000004,False,reached_bottom,0.0,0.0,0.5402612723807482,0.05,37752,0.051802439032065294
370,281,38.73231101036072,-135.16000000000005,False,reached_bottom,0.0,0.0,0.4980096969745522,0.05,37814,0.04726855195056139
371,264,36.95968961715698,-153.93000000000018,False,reached_bottom,0.0,0.0,1.2834803861449535,0.05,37894,0.07730697087277379
372,267,37.51489853858948,-117.2200000000001,False,reached_bottom,0.0,0.0,0.8619790419611739,0.05,37913,0.11586942461944287
373,269,36.95261096954346,-6.399999999999949,False,reached_bottom,0.0,0.0,1.1118926045225852,0.05,37935,0.171060337877292
374,277,39.38170027732849,-104.48000000000006,False,reached_bottom,0.0,0.0,1.2582508364540828,0.05,37963,0.12317894154365316
375,271,37.514936685562134,-131.05000000000013,False,reached_bottom,0.0,0.0,0.9409359845854715,0.05,37983,0.05922342013943427
376,272,39.24214482307434,-157.2200000000001,False,reached_bottom,0.0,0.0,1.2123480124308386,0.05,38053,0.07068285121435398
377,267,38.35064744949341,-142.2900000000001,False,reached_bottom,0.0,0.0,1.0541013971015503,0.05,38083,0.058195330713934366
378,295,37.56678295135498,-253.46000000000012,False,reached_bottom,0.0,0.0,3.513160841098791,0.05,38192,0.09248157374935312
379,279,38.19157361984253,-72.91000000000005,False,reached_bottom,0.0,0.0,1.3900924463715658,0.05,38218,0.11527652743161185
380,270,37.511481285095215,-131.81,False,reached_bottom,0.0,0.0,1.439067617166612,0.05,38284,0.042894148593503004
381,269,37.54179000854492,-110.31000000000016,False,reached_bottom,0.0,0.0,0.6188632277863535,0.05,38329,0.09002825158093246
382,264,38.375447034835815,-99.05999999999997,False,reached_bottom,0.0,0.0,0.5880019078743451,0.05,38357,0.11714785860852298
383,268,37.34094548225403,-145.57000000000002,False,reached_bottom,0.0,0.0,0.40778614897776067,0.05,38382,0.09496039682102334
384,266,39.01086139678955,-129.6500000000001,False,reached_bottom,0.0,0.0,0.6298253220843402,0.05,38408,0.1222563609883257
385,269,38.12192225456238,-118.29000000000005,False,reached_bottom,0.0,0.0,0.46860870064467336,0.05,38422,0.16216088081046706
386,260,37.217814445495605,-173.42999999999995,False,reached_bottom,0.0,0.0,1.0845569419822698,0.05,38449,0.08001683130417281
387,269,37.52558660507202,-173.14000000000001,False,reached_bottom,0.0,0.0,1.628522928240444,0.05,38504,0.06110665417007528
388,256,37.3820378780365,1.1099999999999912,False,reached_bottom,0.0,0.0,0.5158616196197283,0.05,38537,0.11212551107054095
389,280,38.312127113342285,-117.13000000000012,False,reached_bottom,0.0,0.0,0.9603131067401838,0.05,38574,0.11450814268002694
390,259,37.61013174057007,-105.17000000000006,False,reached_bottom,0.0,0.0,0.5198231365721574,0.05,38614,0.06595810978342809
391,266,37.62990474700928,-169.17000000000007,False,reached_bottom,0.0,0.0,1.1181943819648001,0.05,38634,0.06791405081045562
392,256,36.4078688621521,-9.710000000000022,False,reached_bottom,0.0,0.0,1.0652187300064027,0.05,38652,0.18999580874060612
393,306,38.7245934009552,-168.58999999999992,False,reached_bottom,0.0,0.0,1.7079961648905517,0.05,38675,0.04278945104624127
394,278,39.31183981895447,-147.70000000000002,False,reached_bottom,0.0,0.0,1.626127551081749,0.05,38739,0.04537338107092158
395,270,37.08547520637512,-18.88000000000001,False,reached_bottom,0.0,0.0,0.47654159572098076,0.05,38744,0.13085760626129833
396,275,38.9286789894104,-89.31999999999998,False,reached_bottom,0.0,0.0,0.48911214802184794,0.05,38775,0.1506869235547238
397,274,39.70533084869385,-140.2800000000001,False,reached_bottom,0.0,0.0,0.782244043981302,0.05,38804,0.06106411351410743
398,278,37.22853112220764,-161.51999999999998,False,reached_bottom,0.0,0.0,1.270143814760563,0.05,38828,0.057614780446344285
399,287,37.68558931350708,-235.38999999999993,False,reached_bottom,0.0,0.0,1.9405795134013077,0.05,38858,0.08728414855189148
400,1,1.1830053329467773,-0.32,False,reached_bottom,0.0,0.0,2.0573299191482417,0.05,38858,0.03337415877580008
401,292,38.29134821891785,-164.1499999999998,False,reached_bottom,0.0,0.0,1.8477455003078562,0.05,38882,0.04775329135869422
402,282,39.03717827796936,-153.8400000000001,False,reached_bottom,0.0,0.0,1.1180107614861559,0.05,38899,0.05000964530688957
403,272,38.686647176742554,-156.97999999999993,False,reached_bottom,0.0,0.0,0.7573620046143473,0.05,38948,0.1361536347321858
404,265,38.918821811676025,-158.96,False,reached_bottom,0.0,0.0,0.5633250122916533,0.05,38990,0.07296314976766537
405,253,36.9279682636261,0.1699999999999946,True,success,0.0,0.0,0.14980977800504994,0.05,39009,0.14534001963612012
406,257,37.54464817047119,-33.380000000000024,False,reached_bottom,0.0,0.0,0.6028339487735508,0.05,39024,0.12434731772653589
407,255,37.051958084106445,-122.12000000000009,False,reached_bottom,0.0,0.0,0.914142517177902,0.05,39063,0.06423662328561673
408,254,37.13837671279907,-140.58000000000004,False,reached_bottom,0.0,0.0,0.5480512968313158,0.05,39076,0.09753212137962076
409,279,36.051029443740845,-183.01000000000008,False,reached_bottom,0.0,0.0,1.921694241521762,0.05,39168,0.06111022701118438
410,264,38.45208120346069,-55.93,False,reached_bottom,0.0,0.0,1.0103203696113792,0.05,39178,0.1251752412796157
411,274,38.608250856399536,-191.02999999999977,False,reached_bottom,0.0,0.0,1.687538660052261,0.05,39221,0.09099087574408268
412,256,37.476223945617676,-34.840000000000025,False,reached_bottom,0.0,0.0,0.17734157633076117,0.05,39241,0.14910170755931562
413,273,35.97196412086487,-191.66,False,reached_bottom,0.0,0.0,2.3198034109600036,0.05,39267,0.08971148989686999
414,279,39.084301471710205,-157.38000000000017,False,reached_bottom,0.0,0.0,1.5234704886334873,0.05,39333,0.08680293471818037
415,278,37.799920082092285,-169.63999999999996,False,reached_bottom,0.0,0.0,1.9173539569412117,0.05,39358,0.05818680701635254
416,277,38.23237729072571,-139.85000000000008,False,reached_bottom,0.0,0.0,0.6289490939858589,0.05,39384,0.08279641644991877
417,262,38.358678579330444,-20.419999999999977,False,reached_bottom,0.0,0.0,0.5110451159534589,0.05,39392,0.15254951241216733
418,279,37.29245686531067,-162.48000000000002,False,reached_bottom,0.0,0.0,1.2344631776717225,0.05,39409,0.05513912454302963
419,263,35.830496072769165,-161.82999999999998,False,reached_bottom,0.0,0.0,0.9894573758580766,0.05,39425,0.10249620467927088
420,253,36.653422832489014,-130.02000000000012,False,reached_bottom,0.0,0.0,0.2645648483296032,0.05,39448,0.12372860661947867
421,262,38.063396692276,-63.54000000000002,False,reached_bottom,0.0,0.0,0.8047210297256541,0.05,39459,0.14146162038653315
422,265,38.2825825214386,-161.4200000000001,False,reached_bottom,0.0,0.0,0.47297548195166056,0.05,39541,0.08131471854001458
423,255,36.6041145324707,-21.62000000000003,False,reached_bottom,0.0,0.0,1.1876938255154847,0.05,39587,0.17859319138036145
424,263,37.91914391517639,167.54000000000005,False,reached_bottom,0.0,0.0,0.7805563464629569,0.05,39625,0.18601445714808676
425,265,36.93703365325928,-145.4600000000001,False,reached_bottom,0.0,0.0,1.4632732229232954,0.05,39661,0.0777117978087564
426,263,38.151493549346924,-146.81000000000012,False,reached_bottom,0.0,0.0,0.8570770805179688,0.05,39693,0.0475769533242359
427,261,37.7302680015564,-145.64000000000004,False,reached_bottom,0.0,0.0,1.0093698700426998,0.05,39711,0.06818601372412862
428,287,37.849026918411255,-157.03999999999996,False,reached_bottom,0.0,0.0,1.1378291114700745,0.05,39743,0.05957220463937222
429,257,37.07130026817322,116.40000000000002,False,reached_bottom,0.0,0.0,0.7055612657953703,0.05,39782,0.21207787348628243
430,273,37.24518823623657,-110.90000000000002,False,reached_bottom,0.0,0.0,1.2068695244783867,0.05,39839,0.049936389005309396
431,263,38.2404363155365,-102.54000000000006,False,reached_bottom,0.0,0.0,0.656029633406753,0.05,39889,0.05589299631841445
432,252,36.84414291381836,-151.63000000000002,False,reached_bottom,0.0,0.0,0.7854035334799073,0.05,39941,0.06552313790710988
433,261,38.13067865371704,22.069999999999975,False,reached_bottom,0.0,0.0,0.2239823872621088,0.05,39960,0.14310285592956382
434,261,37.84601712226868,-8.710000000000015,False,reached_bottom,0.0,0.0,0.5131324692142607,0.05,39988,0.15398889443047548
435,281,37.78879690170288,-74.21,False,reached_bottom,0.0,0.0,0.5842582672845629,0.05,40018,0.03308572937958379
436,260,38.003122329711914,-68.32000000000002,False,reached_bottom,0.0,0.0,0.564266652050052,0.05,40042,0.10451167616579243
437,267,39.05444836616516,-144.72000000000008,False,reached_bottom,0.0,0.0,0.6200546672857625,0.05,40086,0.10967925165605998
438,262,38.146422147750854,43.85999999999993,False,reached_bottom,0.0,0.0,0.7861725196250627,0.05,40115,0.1552269397339696
439,263,38.34481239318848,-107.48000000000006,False,reached_bottom,0.0,0.0,0.40391047520140705,0.05,40140,0.044969744097240624
440,260,37.9090461730957,-88.73999999999998,False,reached_bottom,0.0,0.0,0.406621593832924,0.05,40183,0.034232384482283745
441,286,38.23545694351196,-179.2699999999998,False,reached_bottom,0.0,0.0,1.7815080904303182,0.05,40211,0.06461794158836547
442,268,38.59452414512634,75.54000000000015,False,reached_bottom,0.0,0.0,0.9937336388755369,0.05,40261,0.16453085141690907
443,265,38.5656099319458,73.76999999999984,False,reached_bottom,0.0,0.0,0.9889382119677118,0.05,40268,0.20699614811095923
444,261,38.210914850234985,10.829999999999943,False,reached_bottom,0.0,0.0,0.39567545066602433,0.05,40271,0.11863786146109907
445,267,38.064082622528076,152.66000000000014,False,reached_bottom,0.0,0.0,0.8085426921221694,0.05,40283,0.21600465396986512
446,269,39.086466789245605,-6.799999999999988,False,reached_bottom,0.0,0.0,0.4481053126169491,0.05,40310,0.19804771841010577
447,263,38.11757445335388,-6.350000000000108,True,success,0.0,0.0,0.12344034181179674,0.05,40337,0.10124118820229552
448,275,38.92805051803589,-153.40000000000006,False,reached_bottom,0.0,0.0,0.8938081524388889,0.05,40369,0.06702389400850178
449,266,37.393991231918335,23.66000000000003,False,reached_bottom,0.0,0.0,0.15871135090322083,0.05,40378,0.1333577339532881
450,266,38.59871244430542,-132.35000000000014,False,reached_bottom,0.0,0.0,0.7284671141125181,0.05,40416,0.07754248854703208
451,292,38.55009865760803,-110.78999999999999,False,reached_bottom,0.0,0.0,0.9686847895754028,0.05,40453,0.03933879529454808
452,283,36.394508838653564,-152.0300000000001,False,reached_bottom,0.0,0.0,1.2525660192514902,0.05,40473,0.047593640724513
453,272,38.61864423751831,-134.35999999999999,False,reached_bottom,0.0,0.0,0.7040476679573533,0.05,40525,0.04463651541043045
454,265,38.04336094856262,17.800000000000036,False,reached_bottom,0.0,0.0,1.0255634500648048,0.05,40575,0.17564112577839294
455,1,1.2496020793914795,-0.44,False,reached_bottom,0.0,0.0,1.0242744576823952,0.05,40575,0.045244621888909986
456,261,38.21816158294678,-134.77000000000004,False,reached_bottom,0.0,0.0,0.8420444696841235,0.05,40597,0.08110298184422267
457,246,32.52311086654663,-129.0400000000001,False,reached_bottom,0.0,0.0,1.676361185487276,0.05,40620,0.05274913267744767
458,253,36.65444827079773,-35.41000000000001,False,reached_bottom,0.0,0.0,1.1529487343872769,0.05,40636,0.1400155629822466
459,251,36.26250243186951,-147.6,False,reached_bottom,0.0,0.0,0.8159733128942035,0.05,40672,0.08186289171098377
460,258,37.74583959579468,-132.55000000000013,False,reached_bottom,0.0,0.0,0.7875508639981121,0.05,40687,0.06435539579938755
461,258,37.554970502853394,-100.21000000000011,False,reached_bottom,0.0,0.0,0.639980593841482,0.05,40741,0.05543826299572111
462,252,36.868436336517334,-135.68000000000012,False,reached_bottom,0.0,0.0,0.6180937180738224,0.05,40754,0.0616872124441344
463,257,37.504154920578,-55.150000000000006,False,reached_bottom,0.0,0.0,0.20962291472666447,0.05,40785,0.12108457565514152
464,252,36.823925733566284,-22.480000000000018,False,reached_bottom,0.0,0.0,0.5770992311191553,0.05,40809,0.11489295780775098
465,243,35.48639941215515,33.03000000000003,False,reached_bottom,0.0,0.0,0.574578965231285,0.05,40838,0.17402730259941276
466,1,1.255537509918213,-0.4,False,reached_bottom,0.0,0.0,0.5028177538487275,0.05,40838,0.08910419852447155
467,275,36.83927869796753,-248.40000000000003,False,reached_bottom,0.0,0.0,2.6360201594661308,0.05,40876,0.07347864010798984
468,256,36.09997320175171,-130.0599999999998,False,reached_bottom,0.0,0.0,0.7549074555634471,0.05,40940,0.05944632539441206
469,276,36.274837493896484,-194.07999999999984,False,reached_bottom,0.0,0.0,2.1714056421536716,0.05,40967,0.07505312391762872
470,260,38.02209115028381,200.23000000000002,False,reached_bottom,0.0,0.0,0.5938411280951611,0.05,40988,0.27001223139253566
471,255,37.27988338470459,-115.92000000000012,False,reached_bottom,0.0,0.0,0.19822877896147165,0.05,41031,0.07440349526755008
472,246,36.00071144104004,-119.77,False,reached_bottom,0.0,0.0,0.4788918659098881,0.05,41056,0.08312395500847458
473,247,36.18300986289978,27.110000000000003,False,reached_bottom,0.0,0.0,0.34901620605290945,0.05,41059,0.15277243315964467
474,248,36.2482705116272,-104.7600000000001,False,reached_bottom,0.0,0.0,0.5667302174975393,0.05,41103,0.07516958833209661
475,1,1.1427993774414062,-0.39,False,reached_bottom,0.0,0.0,0.6199219877850632,0.05,41103,0.04022945301604186
476,260,38.02230381965637,45.02999999999996,False,reached_bottom,0.0,0.0,0.5302495139198329,0.05,41113,0.16848086277559218
477,257,37.62966299057007,18.270000000000007,False,reached_bottom,0.0,0.0,0.5388502481989608,0.05,41155,0.1772963656117213
478,245,34.39197516441345,-88.27999999999994,False,reached_bottom,0.0,0.0,0.2607405331517741,0.05,41185,0.04671205762468022
479,250,35.94031047821045,-113.67999999999999,False,reached_bottom,0.0,0.0,0.9739292580644933,0.05,41202,0.05262443483090686
480,256,37.18773627281189,12.579999999999927,True,success,0.0,0.0,0.08827909756963159,0.05,41224,0.10008309078196438
481,257,37.28550457954407,250.5300000000001,False,reached_bottom,0.0,0.0,0.5344659603218399,0.05,41234,0.28385544694250653
482,263,36.84081673622131,-59.8,False,reached_bottom,0.0,0.0,0.6610727560414044,0.05,41286,0.12829671394040795
483,269,36.80278515815735,-120.57000000000015,False,reached_bottom,0.0,0.0,2.466300976798429,0.05,41349,0.09361089681827357
484,265,36.31067943572998,-73.56,False,reached_bottom,0.0,0.0,0.8384996315061827,0.05,41413,0.17195370332663795
485,263,37.69611191749573,130.68999999999988,False,reached_bottom,0.0,0.0,1.0178528494456234,0.05,41427,0.24600783943338037
486,249,36.4272518157959,72.37,False,reached_bottom,0.0,0.0,0.41023184566505333,0.05,41442,0.1709119077249461
487,266,37.4235303401947,-153.74000000000015,False,reached_bottom,0.0,0.0,1.1169923612319608,0.05,41467,0.06416453167259227
488,256,37.45580530166626,138.25999999999996,False,reached_bottom,0.0,0.0,0.3996451237644527,0.05,41476,0.26689683970518374
489,289,36.93065690994263,-213.9800000000001,False,reached_bottom,0.0,0.0,1.9095713887617136,0.05,41498,0.06949866130194225
490,256,37.58083152770996,13.880000000000031,True,success,0.0,0.0,0.11779741306745216,0.05,41514,0.2128768714865305
491,259,37.72300720214844,74.98999999999998,True,success,0.0,0.0,0.10137786571088774,0.05,41545,0.12895194401052784
492,250,36.65206432342529,175.33000000000004,True,success,0.0,0.0,0.10829636408362459,0.05,41560,0.2995567741395086
493,244,35.79087042808533,54.68999999999999,False,reached_bottom,0.0,0.0,0.15835193981750595,0.05,41567,0.24214821986464843
494,263,37.644436836242676,-23.559999999999995,False,reached_bottom,0.0,0.0,1.0184249128827179,0.05,41600,0.18781396352676974
495,257,36.15325331687927,-163.10999999999999,False,reached_bottom,0.0,0.0,1.6760513199924911,0.05,41623,0.05798211254758689
496,259,36.31234812736511,-129.35000000000008,False,reached_bottom,0.0,0.0,0.32911314013296683,0.05,41674,0.08998838477400785
497,249,35.937947273254395,-70.21999999999998,False,reached_bottom,0.0,0.0,0.5191804747809781,0.05,41701,0.15201046538358676
498,281,36.7947518825531,-149.42000000000016,False,reached_bottom,0.0,0.0,2.132882149598491,0.05,41796,0.053271259890520783
499,258,37.836525201797485,113.07999999999996,False,reached_bottom,0.0,0.0,0.2917590977855187,0.05,41801,0.25295204885240796
500,278,37.796738147735596,-133.26000000000005,False,reached_bottom,0.0,0.0,0.8909945117763275,0.05,41845,0.04831525463621176
501,248,36.27050280570984,303.8599999999999,True,success,0.0,0.0,0.026487159122561388,0.05,41857,0.30471604113317496
502,267,38.46689701080322,-9.850000000000044,False,reached_bottom,0.0,0.0,1.0677006770574693,0.05,41909,0.12473925273121281
503,251,36.60890793800354,-107.21,False,reached_bottom,0.0,0.0,1.0335371808361968,0.05,41913,0.17674895895179976
504,254,37.26864981651306,4.879999999999981,False,reached_bottom,0.0,0.0,0.4221382213879629,0.05,41929,0.2604389847935284
505,250,36.59566569328308,-75.67999999999999,False,reached_bottom,0.0,0.0,0.6009846817097328,0.05,41986,0.1294737259840197
506,266,35.799317359924316,-132.62,False,reached_bottom,0.0,0.0,1.434389226371066,0.05,42019,0.05411802679226725
507,256,36.915947675704956,128.85999999999993,False,reached_bottom,0.0,0.0,0.23259513797964607,0.05,42051,0.20117443033259153
508,269,36.47818565368652,-174.2100000000001,False,reached_bottom,0.0,0.0,1.7970033770567453,0.05,42075,0.06440643363201326
509,264,38.15959882736206,-58.759999999999984,False,reached_bottom,0.0,0.0,1.1670495798941452,0.05,42112,0.17251461910689256
510,275,37.054462909698486,-213.18999999999997,False,reached_bottom,0.0,0.0,1.9781918224683344,0.05,42118,0.06330055085710928
511,259,37.932154417037964,-110.42,False,reached_bottom,0.0,0.0,0.2038521650765928,0.05,42130,0.1500989541010377
512,264,36.32432150840759,-187.9600000000001,False,reached_bottom,0.0,0.0,1.814988178857574,0.05,42154,0.06118495004399402
513,258,36.21045637130737,-45.67999999999998,False,reached_bottom,0.0,0.0,1.2644101489253285,0.05,42170,0.1266170040798959
514,265,38.79818630218506,-14.250000000000002,False,reached_bottom,0.0,0.0,0.2915973239620466,0.05,42191,0.17204559397925673
515,266,37.029794692993164,-187.71000000000024,False,reached_bottom,0.0,0.0,1.44444231080627,0.05,42231,0.09618593729243412
516,257,37.57536578178406,44.17999999999999,True,success,0.0,0.0,0.09068451686698431,0.05,42237,0.1492991945287987
517,1,1.2371015548706055,-0.4,False,reached_bottom,0.0,0.0,0.29629617636991024,0.05,42237,0.04812543681895498
518,256,35.48529291152954,-130.87999999999997,False,reached_bottom,0.0,0.0,1.4552026858489695,0.05,42254,0.07170257319803534
519,260,37.73526644706726,79.9699999999999,False,reached_bottom,0.0,0.0,0.6816812177881622,0.05,42280,0.23126849984203626
520,260,38.05028033256531,-139.18000000000006,False,reached_bottom,0.0,0.0,0.9072904806392277,0.05,42300,0.12773579643461408
521,255,37.36995339393616,225.24000000000007,True,success,0.0,0.0,0.13405786455725083,0.05,42306,0.3317997325067948
522,266,36.92079210281372,-172.03999999999985,False,reached_bottom,0.0,0.0,0.8615526352800132,0.05,42343,0.06752554167178512
523,272,37.69015097618103,-118.77000000000014,False,reached_bottom,0.0,0.0,1.2539053768299349,0.05,42383,0.043847032990554244
524,264,37.32757806777954,-159.03999999999988,False,reached_bottom,0.0,0.0,1.5639606471213303,0.05,42430,0.0628805458351664
525,257,37.6015625,150.40000000000003,True,success,0.0,0.0,0.12158940399912264,0.05,42439,0.25195597386304486
526,262,36.68373346328735,21.899999999999878,True,success,0.0,0.0,0.07672676629138946,0.05,42504,0.14223246380918772
527,246,36.06277012825012,-7.8000000000000025,False,reached_bottom,0.0,0.0,0.3729313643060622,0.05,42537,0.15931353477150767
528,247,36.13486194610596,40.09999999999997,False,reached_bottom,0.0,0.0,0.195422573554452,0.05,42550,0.25536900019649145
529,291,36.412214517593384,-160.2400000000001,False,reached_bottom,0.0,0.0,2.2664786989075005,0.05,42586,0.047332761718115256
530,254,35.99146032333374,-93.42000000000003,False,reached_bottom,0.0,0.0,1.4287729365023825,0.05,42594,0.12286038171625854
531,251,36.08073306083679,-126.28000000000009,False,reached_bottom,0.0,0.0,0.8158954148703939,0.05,42601,0.051658278274078574
532,258,37.54304051399231,-7.639999999999982,False,reached_bottom,0.0,0.0,0.47219691399596575,0.05,42614,0.18821720238527995
533,254,36.43248414993286,61.27999999999999,False,reached_bottom,0.0,0.0,0.317210307529977,0.05,42642,0.17034030232593464
534,263,37.34445238113403,-127.79000000000002,False,reached_bottom,0.0,0.0,0.6920104191612187,0.05,42681,0.0481653575890346
535,261,38.011958599090576,74.07,False,reached_bottom,0.0,0.0,0.8025062441419624,0.05,42699,0.2586298302971303
536,271,36.398038148880005,-201.79,False,reached_bottom,0.0,0.0,0.4474059830379687,0.05,42737,0.059330904791121714
537,254,37.140202045440674,268.5,False,reached_bottom,0.0,0.0,0.1550560004111964,0.05,42744,0.28388167758082683
538,251,36.58340239524841,-43.199999999999946,False,reached_bottom,0.0,0.0,0.24115685279596932,0.05,42772,0.1486112101591775
539,243,35.62273621559143,-115.04,False,reached_bottom,0.0,0.0,0.25000509656596176,0.05,42774,0.1205234705323753
540,256,37.412938833236694,86.35999999999991,False,reached_bottom,0.0,0.0,0.33467349603934143,0.05,42782,0.25434593646489784
541,266,36.41417360305786,-174.96000000000006,False,reached_bottom,0.0,0.0,1.525791715938711,0.05,42824,0.07954187889116597
542,281,36.46012568473816,-223.70999999999992,False,reached_bottom,0.0,0.0,2.160131718909526,0.05,42873,0.07559369136737425
543,259,37.23428153991699,-79.33000000000004,False,reached_bottom,0.0,0.0,0.7336697170198332,0.05,42892,0.13903398081325244
544,256,37.292535066604614,-11.04000000000001,False,reached_bottom,0.0,0.0,0.3417184937988194,0.05,42912,0.1351312026000973
545,254,36.43389391899109,-100.91000000000007,False,reached_bottom,0.0,0.0,0.2529666027686338,0.05,42950,0.09537682734319601
546,270,36.080755949020386,-144.82000000000008,False,reached_bottom,0.0,0.0,0.9323374423745482,0.05,42995,0.04575224034410904
547,260,37.99921131134033,17.419999999999973,True,success,0.0,0.0,0.03787111455431471,0.05,43021,0.20244216293667716
548,244,35.5876030921936,160.9199999999999,False,reached_bottom,0.0,0.0,0.5263597795321033,0.05,43037,0.2443570935020642
549,250,36.47212100028992,-140.91,False,reached_bottom,0.0,0.0,0.984796604488628,0.05,43062,0.09929660085198307
550,251,36.70735049247742,35.53999999999998,False,reached_bottom,0.0,0.0,0.3928753736107708,0.05,43069,0.24575465340287042
551,262,37.26005172729492,-122.11000000000007,False,reached_bottom,0.0,0.0,0.6023025573804656,0.05,43079,0.08452642716459696
552,249,36.39194321632385,-52.360000000000035,False,reached_bottom,0.0,0.0,0.33883053960635623,0.05,43092,0.11774033566894888
553,247,36.250996828079224,-32.110000000000014,True,success,0.0,0.0,0.14057355058729298,0.05,43100,0.14640333791286442
554,257,37.63525652885437,19.999999999999975,False,reached_bottom,0.0,0.0,0.32499549965667174,0.05,43106,0.1955269965190935
555,247,36.15396595001221,80.92999999999999,False,reached_bottom,0.0,0.0,0.16309312094664893,0.05,43118,0.24196352406328583
556,268,37.90649104118347,46.73999999999998,False,reached_bottom,0.0,0.0,1.266720336339057,0.05,43123,0.2194936226063377
557,252,36.440579891204834,-39.57000000000001,False,reached_bottom,0.0,0.0,0.8375532499205846,0.05,43133,0.23518814196231255
558,268,37.76186203956604,-102.03000000000003,False,reached_bottom,0.0,0.0,0.47503011224754205,0.05,43162,0.041509836394962106
559,255,36.53003001213074,-23.11999999999997,False,reached_bottom,0.0,0.0,1.4854561925240926,0.05,43193,0.16860994991647368
560,252,36.82295489311218,27.659999999999986,False,reached_bottom,0.0,0.0,0.6706626305542877,0.05,43198,0.19705125922278222
561,1,1.1834650039672852,-0.44,False,reached_bottom,0.0,0.0,0.8427149574178311,0.05,43198,0.04838578022257778
562,247,36.18084955215454,0.3000000000000278,False,reached_bottom,0.0,0.0,0.24751060924375073,0.05,43204,0.1820303301343377
563,252,36.65663814544678,68.88999999999993,False,reached_bottom,0.0,0.0,0.23582656579994407,0.05,43210,0.2252132410418352
564,234,34.43432807922363,-50.449999999999974,False,reached_bottom,0.0,0.0,0.2569421473285262,0.05,43218,0.20479185125335803
565,249,36.408517837524414,-124.02000000000008,False,reached_bottom,0.0,0.0,0.9107286958147764,0.05,43238,0.0610055419232556
566,225,32.721919298172,240.14000000000004,True,success,0.0,0.0,0.09224553203887903,0.05,43259,0.27868852775061836
567,253,37.17371678352356,-54.02000000000004,True,success,0.0,0.0,0.07102277102810367,0.05,43272,0.09868531969393397
568,270,37.773003816604614,99.67,False,reached_bottom,0.0,0.0,0.3252082658405751,0.05,43290,0.18778239606105696
569,285,37.54091835021973,-173.32,False,reached_bottom,0.0,0.0,0.43974246845247056,0.05,43312,0.05139939842173563
570,270,37.60798931121826,-211.64000000000004,False,reached_bottom,0.0,0.0,1.5612230440379467,0.05,43354,0.10226284985182447
571,253,37.19310688972473,256.01999999999987,True,success,0.0,0.0,0.10488779240318988,0.05,43356,0.30144090239222926
572,249,36.422534465789795,-23.360000000000017,False,reached_bottom,0.0,0.0,0.48013843105874804,0.05,43358,0.15009374366740288
573,261,38.23605918884277,1.8800000000000123,False,reached_bottom,0.0,0.0,0.31875991719524827,0.05,43364,0.13664364296017556
574,266,35.7925078868866,-190.64999999999984,False,reached_bottom,0.0,0.0,1.1744068944221533,0.05,43412,0.07917471569275433
575,252,37.052056074142456,215.84000000000006,False,reached_bottom,0.0,0.0,0.34196031160376766,0.05,43415,0.3213401643494288
576,265,35.51914739608765,-123.66000000000007,False,reached_bottom,0.0,0.0,1.267896740712497,0.05,43440,0.04946435120475491
577,251,36.645100831985474,219.02000000000012,False,reached_bottom,0.0,0.0,0.295343233418411,0.05,43440,0.3669994935790759
578,256,36.01289176940918,-0.9100000000000027,False,reached_bottom,0.0,0.0,0.7229600490370357,0.05,43448,0.21249182675259917
579,257,37.37367391586304,60.629999999999974,True,success,0.0,0.0,0.05206190117148692,0.05,43465,0.25412469396447607
580,255,37.31207871437073,-117.61000000000006,False,reached_bottom,0.0,0.0,0.642993724190721,0.05,43489,0.06384494495110908
581,257,36.984941244125366,16.83999999999997,False,reached_bottom,0.0,0.0,0.9274562229653203,0.05,43495,0.20190162930034453
582,254,37.171709299087524,-104.82000000000002,False,reached_bottom,0.0,0.0,0.36917350866684384,0.05,43513,0.052033777700140435
583,261,37.127891063690186,-64.03999999999999,False,reached_bottom,0.0,0.0,0.43310106177244306,0.05,43520,0.1537268156904878
584,249,36.41491723060608,31.329999999999977,False,reached_bottom,0.0,0.0,0.49572561914730934,0.05,43532,0.27844663737129394
585,263,37.63755488395691,-170.7400000000002,False,reached_bottom,0.0,0.0,0.9171193240212407,0.05,43557,0.09465853487116378
586,262,37.6223886013031,-137.8800000000001,False,reached_bottom,0.0,0.0,0.41074514419810515,0.05,43569,0.16448843431325633
587,252,36.190178871154785,-140.61000000000007,False,reached_bottom,0.0,0.0,0.7483948667221345,0.05,43634,0.07139149172260348
588,265,38.77694487571716,117.50999999999998,False,reached_bottom,0.0,0.0,0.501719432957824,0.05,43640,0.29526484277172066
589,264,38.272735357284546,-141.2500000000001,False,reached_bottom,0.0,0.0,0.7160457638307162,0.05,43678,0.09512261100241981
590,259,37.55985164642334,24.56000000000004,False,reached_bottom,0.0,0.0,1.402419209785652,0.05,43711,0.21492858258533348
591,250,36.41704869270325,156.52000000000015,False,reached_bottom,0.0,0.0,0.5495901405042672,0.05,43725,0.2603687555650603
592,247,35.927034854888916,-27.380000000000013,False,reached_bottom,0.0,0.0,0.4037058078614544,0.05,43731,0.17072257782594094
593,255,37.111674785614014,161.0799999999999,True,success,0.0,0.0,0.023080153158807338,0.05,43743,0.2758928655849349
594,259,37.51308512687683,-108.96000000000011,False,reached_bottom,0.0,0.0,0.7252962785913784,0.05,43764,0.11147964417279829
595,256,37.28732395172119,33.36999999999999,False,reached_bottom,0.0,0.0,0.4310454116263075,0.05,43771,0.22053394076990512
596,258,37.2217812538147,127.20000000000002,False,reached_bottom,0.0,0.0,0.29699836927029083,0.05,43801,0.31277549833108875
597,259,37.58746027946472,-36.35,False,reached_bottom,0.0,0.0,0.6912390436527889,0.05,43822,0.16499350134392643
598,281,38.06600213050842,-149.37999999999997,False,reached_bottom,0.0,0.0,0.3664035526423265,0.05,43861,0.06815325034883062
599,258,37.556955099105835,200.26000000000005,True,success,0.0,0.0,0.10016106971317226,0.05,43868,0.23044083950185998
600,251,36.489733934402466,-91.32,False,reached_bottom,0.0,0.0,0.2902549319791315,0.05,43872,0.2344593146652135
601,263,37.71881675720215,-8.359999999999978,False,reached_bottom,0.0,0.0,0.7788149887777739,0.05,43891,0.22323406194629516
602,258,37.41111993789673,213.80999999999992,False,reached_bottom,0.0,0.0,0.2992996959969449,0.05,43895,0.3297578509571372
603,264,37.89642024040222,-127.75999999999995,False,reached_bottom,0.0,0.0,0.5852230261012445,0.05,43909,0.06295655069047496
604,253,36.69543194770813,397.26000000000005,True,success,0.0,0.0,0.14844549379817906,0.05,43924,0.40895589020432505
605,259,36.6059775352478,-131.2700000000001,False,reached_bottom,0.0,0.0,0.9465557080942006,0.05,43934,0.175332687396881
606,258,37.12331557273865,49.58999999999998,False,reached_bottom,0.0,0.0,0.8368152893778078,0.05,43962,0.16173040463130026
607,259,37.751673221588135,339.3700000000003,False,reached_bottom,0.0,0.0,0.31775576818327106,0.05,43972,0.3773734274160397
608,252,36.20137405395508,-122.01000000000008,False,reached_bottom,0.0,0.0,1.0253385316478765,0.05,43977,0.20717158288445983
609,266,38.17314100265503,-112.31000000000004,False,reached_bottom,0.0,0.0,0.9942877486121705,0.05,44006,0.04394098111079129
610,257,37.0678825378418,78.33000000000001,False,reached_bottom,0.0,0.0,0.3488589207530159,0.05,44012,0.19335526109759893
611,261,37.33767080307007,12.910000000000023,False,reached_bottom,0.0,0.0,0.7978650502895553,0.05,44044,0.2646193925904171
612,263,37.998116970062256,81.19999999999996,False,reached_bottom,0.0,0.0,0.9124442674880598,0.05,44054,0.18509064838403283
613,263,36.32740139961243,-25.410000000000025,False,reached_bottom,0.0,0.0,1.179247513172792,0.05,44063,0.14779818688235863
614,1,1.2015049457550049,-0.44,False,reached_bottom,0.0,0.0,1.1784316615446255,0.05,44063,0.05345119417560973
615,257,36.96246695518494,-93.02000000000004,False,reached_bottom,0.0,0.0,0.6251976100104266,0.05,44078,0.16716001780257791
616,263,38.1744179725647,17.269999999999975,False,reached_bottom,0.0,0.0,0.44517745515235985,0.05,44091,0.3020548841642471
617,278,36.968636989593506,-207.45000000000013,False,reached_bottom,0.0,0.0,2.637203096364104,0.05,44126,0.06698501962952719
618,252,36.67577362060547,-35.03000000000002,False,reached_bottom,0.0,0.0,0.2636147726431034,0.05,44130,0.10262365388835792
619,276,37.167436361312866,-230.49999999999997,False,reached_bottom,0.0,0.0,2.3945682658164156,0.05,44178,0.07525453689805146
620,256,36.90586280822754,-144.61000000000004,False,reached_bottom,0.0,0.0,0.6835667684306237,0.05,44189,0.05618767663045517
621,299,37.29909563064575,-214.83999999999992,False,reached_bottom,0.0,0.0,2.0747742524073507,0.05,44280,0.05978436601550389
622,258,36.59744215011597,156.14,False,reached_bottom,0.0,0.0,0.9138835906433825,0.05,44293,0.23609624209309088
623,289,36.606255292892456,-152.69,False,reached_bottom,0.0,0.0,1.1245053090188548,0.05,44356,0.05526667535659799
624,245,35.12406516075134,-19.019999999999982,False,reached_bottom,0.0,0.0,0.8698790923569245,0.05,44375,0.1220125789286383
625,258,37.50355291366577,-97.27,False,reached_bottom,0.0,0.0,0.1761945799278182,0.05,44380,0.10973121276351405
626,259,37.51018786430359,71.57999999999997,False,reached_bottom,0.0,0.0,0.4398049718588021,0.05,44392,0.1839548667306895
627,260,37.77473044395447,11.699999999999982,True,success,0.0,0.0,0.1479578759971309,0.05,44407,0.12910627932859653
628,278,35.95983123779297,-180.61999999999995,False,reached_bottom,0.0,0.0,1.8310498814856968,0.05,44456,0.05894028561323093
629,271,36.965171098709106,-137.31000000000003,False,reached_bottom,0.0,0.0,1.1292343492193535,0.05,44506,0.1767104287668697
630,264,37.995891094207764,178.58999999999995,False,reached_bottom,0.0,0.0,0.8238944747333591,0.05,44519,0.29368819066455826
631,257,36.50113368034363,-25.09000000000001,False,reached_bottom,0.0,0.0,0.8104633565175643,0.05,44545,0.18704087502431943
632,257,37.37961149215698,36.65999999999998,False,reached_bottom,0.0,0.0,0.2117880522366296,0.05,44547,0.2920497729202951
633,257,37.31830143928528,-160.55999999999995,False,reached_bottom,0.0,0.0,0.7791798427170802,0.05,44564,0.12363405228907047
634,257,37.070847034454346,-68.57999999999998,False,reached_bottom,0.0,0.0,0.8301502623007219,0.05,44575,0.153578011525512
635,253,36.380879640579224,10.589999999999987,False,reached_bottom,0.0,0.0,1.1345388588912473,0.05,44588,0.23023285095754564
636,269,37.14297580718994,-27.28000000000003,False,reached_bottom,0.0,0.0,0.5301598123885409,0.05,44598,0.16403577261840763
637,265,37.806501388549805,7.61000000000001,False,reached_bottom,0.0,0.0,1.0516497822143136,0.05,44653,0.2236212630672634
638,254,37.15864396095276,-134.48000000000005,False,reached_bottom,0.0,0.0,0.502537371869117,0.05,44682,0.08919691418131397
639,254,35.92201900482178,68.17999999999998,False,reached_bottom,0.0,0.0,1.0827463863477604,0.05,44702,0.20315702735102584
640,259,37.50005578994751,-9.850000000000001,False,reached_bottom,0.0,0.0,1.1234119169739438,0.05,44709,0.19323120851219266
641,254,37.21943688392639,40.80999999999998,False,reached_bottom,0.0,0.0,0.39298109303494044,0.05,44710,0.2515804889546985
642,291,36.690897941589355,-177.58000000000007,False,reached_bottom,0.0,0.0,1.9212468754090783,0.05,44764,0.05667669907363918
643,250,36.39328360557556,-124.87000000000009,False,reached_bottom,0.0,0.0,0.8079215253517358,0.05,44792,0.09284373650646362
644,252,36.35515737533569,95.17999999999999,True,success,0.0,0.0,0.10876484027910106,0.05,44797,0.26922253203371055
645,266,37.24133276939392,-36.35000000000003,False,reached_bottom,0.0,0.0,0.8470141454943391,0.05,44833,0.1478944835318146
646,251,36.51905393600464,92.91999999999999,False,reached_bottom,0.0,0.0,0.428336204199654,0.05,44839,0.2647652757840261
647,260,37.29813027381897,-165.48000000000008,False,reached_bottom,0.0,0.0,0.9544284007679887,0.05,44866,0.07366817074786787
648,256,37.33612132072449,166.64000000000004,False,reached_bottom,0.0,0.0,0.17634512135882346,0.05,44867,0.33440381534335495
649,1,1.2087836265563965,-0.16,False,reached_bottom,0.0,0.0,0.18146239014529678,0.05,44867,0.021622913777026298
650,249,36.39875626564026,-138.39999999999998,False,reached_bottom,0.0,0.0,0.342966584830126,0.05,44883,0.12933050214231642
651,259,37.38338112831116,27.04000000000003,False,reached_bottom,0.0,0.0,0.8210582850345399,0.05,44891,0.2907373735710803
652,251,35.90179467201233,-104.93999999999997,False,reached_bottom,0.0,0.0,0.16265588290320862,0.05,44906,0.15720844459924307
653,256,37.32579517364502,96.63999999999999,True,success,0.0,0.0,0.0926220311261942,0.05,44909,0.2589959485364095
654,263,37.66650938987732,-62.14000000000001,False,reached_bottom,0.0,0.0,1.1070474881428674,0.05,44933,0.17077986330796288
655,262,37.398337602615356,65.28999999999998,False,reached_bottom,0.0,0.0,0.4480168024881606,0.05,44945,0.23314200931487875
656,254,37.07834458351135,59.940000000000026,False,reached_bottom,0.0,0.0,0.30357567937166063,0.05,44949,0.27144779647049544
657,251,36.6368567943573,125.68000000000002,True,success,0.0,0.0,0.14770843224157185,0.05,44953,0.23985237939119106
658,257,37.22358846664429,174.19,False,reached_bottom,0.0,0.0,0.7122162727110286,0.05,44963,0.2865142436652083
659,280,37.24927520751953,-148.0999999999999,False,reached_bottom,0.0,0.0,0.8357344528879516,0.05,44977,0.03958933781487733
660,260,37.06812286376953,16.990000000000013,False,reached_bottom,0.0,0.0,1.2729182368122762,0.05,44998,0.20719763533732344
661,259,37.83752226829529,50.000000000000036,False,reached_bottom,0.0,0.0,0.19325883176705577,0.05,45002,0.15106651743875116
662,251,36.78580832481384,-4.980000000000003,False,reached_bottom,0.0,0.0,0.24040364331628433,0.05,45003,0.19610059641478012
663,258,37.38873100280762,-52.92999999999998,False,reached_bottom,0.0,0.0,0.5165007771163385,0.05,45025,0.17701657934787382
664,249,36.4171621799469,-0.18000000000002814,True,success,0.0,0.0,0.10191743602130938,0.05,45027,0.10883576722285551
665,249,36.21277189254761,28.30999999999999,False,reached_bottom,0.0,0.0,0.18717282685959083,0.05,45048,0.28583234536777413
666,251,36.79278540611267,55.62,False,reached_bottom,0.0,0.0,0.31895889248814313,0.05,45050,0.24825662803394752
667,252,36.93751883506775,200.04,False,reached_bottom,0.0,0.0,0.1832470748817709,0.05,45053,0.2431956802620437
668,257,37.31738805770874,54.44000000000007,False,reached_bottom,0.0,0.0,0.7828514598463628,0.05,45068,0.2671384360240721
669,255,37.330888748168945,-62.41999999999998,False,reached_bottom,0.0,0.0,0.17500672242765739,0.05,45074,0.1961297603948898
670,258,37.74464774131775,17.280000000000015,True,success,0.0,0.0,0.09230581800507182,0.05,45075,0.14319896937785145
671,250,36.524325370788574,49.79000000000001,False,reached_bottom,0.0,0.0,0.2131904491640698,0.05,45097,0.2299398143946925
672,256,37.396010637283325,-54.87999999999999,False,reached_bottom,0.0,0.0,0.2713478666522687,0.05,45101,0.16425775041263158
673,246,35.87347960472107,-37.62000000000001,False,reached_bottom,0.0,0.0,0.8987066625756308,0.05,45116,0.2164780284340438
674,255,37.274006605148315,-112.80000000000008,False,reached_bottom,0.0,0.0,0.7809775275411032,0.05,45164,0.08236153713091413
675,256,35.94208097457886,-137.39000000000001,False,reached_bottom,0.0,0.0,0.6025755290705929,0.05,45215,0.056989287623670656
676,258,37.66995620727539,3.9599999999999502,False,reached_bottom,0.0,0.0,0.17486918699658419,0.05,45225,0.16642992120400926
677,268,36.5510790348053,-127.60000000000004,False,reached_bottom,0.0,0.0,1.02054483047022,0.05,45231,0.07042865979722936
678,1,1.1942906379699707,-0.44,False,reached_bottom,0.0,0.0,1.111635868954518,0.05,45231,0.053036340158934436
679,259,37.923149824142456,32.44000000000001,True,success,0.0,0.0,0.0946567129576989,0.05,45234,0.23049880953124532
680,252,35.9032678604126,-78.62999999999998,False,reached_bottom,0.0,0.0,0.37279858931041016,0.05,45241,0.17937807149836246
681,252,36.496222257614136,-25.450000000000017,False,reached_bottom,0.0,0.0,0.39568105390877933,0.05,45258,0.18879507023485204
682,248,36.2223744392395,20.8,False,reached_bottom,0.0,0.0,0.31479223423825936,0.05,45268,0.19857271666564175
683,257,37.53187537193298,9.629999999999992,False,reached_bottom,0.0,0.0,0.5093227272222867,0.05,45274,0.21010441523806947
684,253,36.84725260734558,41.870000000000054,False,reached_bottom,0.0,0.0,0.24965702419941244,0.05,45289,0.31268217299364687
685,248,36.26245045661926,-4.749999999999997,False,reached_bottom,0.0,0.0,0.3599692647298749,0.05,45295,0.26149611170878795
686,259,37.88094902038574,180.97999999999996,False,reached_bottom,0.0,0.0,0.25071859189762463,0.05,45304,0.30934927798825945
687,266,38.30076718330383,139.0800000000001,False,reached_bottom,0.0,0.0,0.6194648769344159,0.05,45321,0.27967579967740125
688,253,36.968520164489746,187.29000000000016,False,reached_bottom,0.0,0.0,0.4004234833351952,0.05,45334,0.33214312301644733
689,256,37.3513765335083,-109.74999999999996,False,reached_bottom,0.0,0.0,0.38563145709085755,0.05,45360,0.0856213271965501
690,264,37.97545623779297,-63.759999999999984,False,reached_bottom,0.0,0.0,0.6400027305404569,0.05,45413,0.11745070550314914
691,261,37.38442802429199,-92.60000000000004,False,reached_bottom,0.0,0.0,0.6000597672383651,0.05,45448,0.1619253873516464
692,255,36.469807624816895,78.18000000000004,False,reached_bottom,0.0,0.0,0.3019805145729412,0.05,45461,0.21118616380114702
693,248,36.25385284423828,96.5200000000001,False,reached_bottom,0.0,0.0,0.9106476673515342,0.05,45467,0.25417746924419576
694,253,37.02434682846069,-31.679999999999986,False,reached_bottom,0.0,0.0,0.24023852831713022,0.05,45473,0.15187333951209248
695,261,37.323689460754395,92.82999999999987,False,reached_bottom,0.0,0.0,1.5186179936724897,0.05,45502,0.2722542961390914
696,254,36.80928349494934,74.01999999999995,False,reached_bottom,0.0,0.0,0.980606195418476,0.05,45537,0.23527004720407896
697,253,36.931798219680786,78.09999999999994,False,reached_bottom,0.0,0.0,0.6237654972334773,0.05,45543,0.24881725952892858
698,251,36.77400851249695,148.21,True,success,0.0,0.0,0.129909399796915,0.05,45544,0.28868503968361037
699,259,37.752877712249756,85.16,True,success,0.0,0.0,0.03975536081349486,0.05,45548,0.24055060337517054
700,267,36.77424478530884,-84.82,False,reached_bottom,0.0,0.0,1.04863000252595,0.05,45579,0.1466287088519217
701,262,38.33735418319702,139.74999999999997,False,reached_bottom,0.0,0.0,0.5101042594593798,0.05,45586,0.35326064558408055
702,259,37.32738733291626,174.83999999999997,False,reached_bottom,0.0,0.0,0.18740952008575656,0.05,45609,0.28195064244629986
703,252,36.648820877075195,-88.76000000000002,False,reached_bottom,0.0,0.0,1.031106172613131,0.05,45633,0.1561750550680286
704,283,36.4735951423645,-47.37000000000013,False,reached_bottom,0.0,0.0,0.2586676442883814,0.05,45649,0.08913564313023929
705,257,37.57158589363098,143.95999999999998,True,success,0.0,0.0,0.012323737508969123,0.05,45651,0.31213736807014125
706,259,37.67215585708618,85.29999999999998,True,success,0.0,0.0,0.11375101509886315,0.05,45655,0.17807978725664847
707,269,37.69935870170593,-177.65000000000003,False,reached_bottom,0.0,0.0,1.538659345665515,0.05,45672,0.07119126880075678
708,278,38.726083278656006,-72.48,False,reached_bottom,0.0,0.0,0.9983409464007282,0.05,45695,0.2423111549545831
709,245,35.94459819793701,-8.560000000000024,True,success,0.0,0.0,0.07803123126314013,0.05,45699,0.14144445493183827
710,250,36.63424777984619,-120.3000000000001,False,reached_bottom,0.0,0.0,0.4719734492165274,0.05,45711,0.09100780459505858
711,249,36.58696913719177,85.1,False,reached_bottom,0.0,0.0,0.18180019725490093,0.05,45714,0.20477337403810164
712,250,35.99603056907654,-147.09,False,reached_bottom,0.0,0.0,0.7601059793251983,0.05,45744,0.06848861580702302
713,239,35.08792972564697,-92.64000000000004,False,reached_bottom,0.0,0.0,0.4405570349244226,0.05,45754,0.11833564316154624
714,249,36.26448726654053,-98.81999999999998,False,reached_bottom,0.0,0.0,0.4348654221113327,0.05,45760,0.1483147299341598
715,249,35.15662503242493,-114.24000000000011,False,reached_bottom,0.0,0.0,0.8519821633675118,0.05,45770,0.16472057473547272
716,250,35.89689660072327,-150.52999999999997,False,reached_bottom,0.0,0.0,1.1950371050361996,0.05,45789,0.08306883985672853
717,279,35.339521169662476,-157.81000000000014,False,reached_bottom,0.0,0.0,1.0094306787579215,0.05,45847,0.060950913508973484
718,251,36.795271158218384,35.580000000000005,False,reached_bottom,0.0,0.0,0.3748109216386526,0.05,45855,0.24468780497425108
719,245,35.51176309585571,80.86999999999995,False,reached_bottom,0.0,0.0,0.5187862778613537,0.05,45859,0.1900440061151022
720,244,35.8374125957489,-103.34000000000003,False,reached_bottom,0.0,0.0,0.5929149054190882,0.05,45861,0.21421023484945684
721,243,35.230573892593384,11.969999999999976,False,reached_bottom,0.0,0.0,0.8730025584726959,0.05,45880,0.22917937357115117
722,258,35.457563638687134,-2.790000000000111,False,reached_bottom,0.0,0.0,1.9780812571664899,0.05,45913,0.18893290679203636
723,237,34.71333074569702,-57.110000000000014,False,reached_bottom,0.0,0.0,0.4681499781896963,0.05,45915,0.13664518057067152
724,251,36.8121554851532,229.17000000000002,False,reached_bottom,0.0,0.0,0.3115806097143086,0.05,45916,0.42037821380797546
725,246,36.07013463973999,-1.159999999999982,False,reached_bottom,0.0,0.0,0.24457129843649839,0.05,45919,0.30449907573369644
726,251,36.720343351364136,-115.92000000000004,False,reached_bottom,0.0,0.0,0.21743515394600418,0.05,45944,0.14123798556492823
727,240,35.25167107582092,16.130000000000038,False,reached_bottom,0.0,0.0,0.3613150689336071,0.05,45959,0.26469286705376854
728,253,36.714800119400024,-39.259999999999984,False,reached_bottom,0.0,0.0,0.4678490332545512,0.05,45960,0.20177260724071575
729,252,36.3089234828949,-124.2,False,reached_bottom,0.0,0.0,1.0735464568562216,0.05,45990,0.13101028014863003
730,239,35.08654522895813,-78.53999999999999,False,reached_bottom,0.0,0.0,0.2731641445950572,0.05,45990,0.13135180632911542
731,251,36.580524921417236,41.470000000000034,False,reached_bottom,0.0,0.0,0.5695049269866718,0.05,45997,0.28821000371991257
732,249,36.495747804641724,131.76,False,reached_bottom,0.0,0.0,0.24157312534468167,0.05,45997,0.2751874764293399
733,251,36.261109590530396,18.220000000000045,False,reached_bottom,0.0,0.0,0.9398132088968165,0.05,46013,0.15877167296246208
734,199,27.268890857696533,-148.62,False,reached_bottom,0.0,0.0,2.2108129363173035,0.05,46022,0.09083841768476134
735,170,25.32684636116028,-32.860000000000014,False,reached_bottom,0.0,0.0,0.9253356371617991,0.05,46041,0.13329475717959213
736,131,19.677799940109253,231.34000000000006,True,success,0.0,0.0,0.09056970635370291,0.05,46042,0.435846088827343
737,171,24.734177827835083,-5.339999999999981,False,reached_bottom,0.0,0.0,1.0188083020671213,0.05,46054,0.21058500104694783
738,240,35.96454477310181,-78.44000000000003,False,reached_bottom,0.0,0.0,0.25548165914677146,0.05,46056,0.1669599206953978
739,247,37.04742693901062,42.64000000000005,False,reached_bottom,0.0,0.0,0.2290533501279153,0.05,46067,0.21676187315777296
740,322,46.76283049583435,-170.46000000000004,False,reached_bottom,0.0,0.0,0.813017303136776,0.05,46103,0.08731233370330509
741,281,39.778409242630005,27.980000000000004,False,reached_bottom,0.0,0.0,0.9867639182601597,0.05,46135,0.16372009014012578
742,281,40.632195711135864,-113.85000000000001,False,reached_bottom,0.0,0.0,0.41674536530605827,0.05,46150,0.062222002617352855
